Genus,Species,Synonyms,Extant,Plesiadapiform,Plesiadapiform Reference,First Appearance (mya),Last Appearance (mya),Period Reference,Body Size (g),Body Size Reference,m1 Length,m1 Width,M1 Length,M1 Width,m2 Length,m2 Width,M2 Length,M2 Width,m3 Length,m3 Width,M3 Length,M3 Width,p4 Length,p4 Width,P4 Length,P4 Width,Measurement References,New World
Absarokius,abbotti,absarokius noctivagus,no,,,50.3,48.6,Fossilworks,402.112,estimate,2.39,2.16,2.23,3.39,2.33,2.16,2.07,3.83,,,,,2.32,2.22,2.37,3.36,Bown and Rose 1987,
Absarokius,gazini,,no,,,55.8,50.3,Fossilworks,213.272,estimate,1.85,2.29,,,,,,,,,,,,,,,Bown and Rose 1987,
Absarokius,metoecus,,no,,,50.3,48.6,Fossilworks,355.812,estimate,2.12,2.33,3.33,2.22,2.14,2.32,3.77,2.06,,,,,2.12,2.23,3.28,2.33,Bown and Rose 1987,
Absarokius,witteri,,no,,,50.3,46.2,Fossilworks,223.402,estimate,2.64,1.65,,,,,,,,,,,,,,,Fossilworks,
Acidomomys,hebeticus,,no,,,56.8,55.8,Fossilworks,247.251,estimate,2.035,2.275,,,,,,,,,,,,,,,Bloch et al. 2002,
Acrecebus,fraileyi,,no,,,11.608,7.246,Fossilworks,,,,,,,,,,,,,,,,,,,,yes
Acrossia,lovei,,no,,,,,,275,Fleagle 1999,,,,,,,,,,,,,,,,,,
Adapis,betillei,,no,,,,,,,,,,,,,,,,,,,,,,,,,
Adapis,laharpei,,no,,,,,,1700,Fleagle 1999,,,,,,,,,,,,,,,,,,
Adapis,parisiensis,,no,,,37.2,33.9,Fossilworks,1300,Fleagle 1999,,,,,,,,,,,,,,,,,,
Adapis,sudrei,,no,,,,,,1400,Fleagle 1999,,,,,,,,,,,,,,,,,,
Adapoides,troglodytes,,no,,,56,33.9,Fleagle 1999,500,Fleagle 1999,,,,,,,,,,,,,,,,,,
Aegyptopithecus,zeuxis,,no,,,33.9,28.4,Fossilworks,6700,Fleagle 1999,,,,,,,,,,,,,,,,,,
Afradapis,longicristatus,,no,,,37.2,33.9,Fossilworks,,,,,,,,,,,,,,,,,,,,
Aframonius,diedies,,no,,,33.9,28.4,Fossilworks,1600,Fleagle 1999,,,,,,,,,,,,,,,,,,
Afrasia,djijidae,,no,,,40.4,37.2,Fossilworks,,,,,,,,,,,,,,,,,,,,
Afropithecus,leakeyi,,no,,,,,,,,,,,,,,,,,,,,,,,,,
Afropithecus,turkanensis,,no,,,15.97,11.608,Fleagle 1999,50000,Fleagle 1999,,,,,,,,,,,,,,,,,,
Afrotarsius,chatrathi,,no,,,33.9,28.4,Fossilworks,100,Fleagle 1999,,,,,,,,,,,,,,,,,,
Afrotarsius,libycus,,no,,,37.2,28.4,Fossilworks,,,,,,,,,,,,,,,,,,,,
Ageitodendron,matthewi,,no,,,50.3,46.2,Fossilworks,840,Fleagle 1999,,,,,,,,,,,,,,,,,,
Agerinia,roselli,,no,,,48.6,40.4,Fossilworks,,,,,,,,,,,,,,,,,,,,
Algeripithecus,minutus,,no,,,50,46,Godinot and Mahboubi,225,Fleagle 1999,,,,,,,,,,,,,,,,,,
Alouatta,mauroi,,no,,,,,,13042.491,estimate,,,,,,,7,9.5,,,,,,,5.5,8.1,Tejedor et al. 2008,
Altanius,orlovi,,no,,,55.8,48.6,Fossilworks,10,Fleagle 1999,,,,,,,,,,,,,,,,,,
Altiatlasius,koulchii,,no,,,58.7,55.8,Fossilworks,75,Fleagle 1999,,,,,,,,,,,,,,,,,,
Alveojunctus,minutus,,no,yes,Fleagle 1999,50.3,46.2,Fossilworks,70.915,estimate,1.25,1.75,,,,,,,,,,,,,,,Bown 1982,
Anapithecus,hernyaki,,no,,,11.1,9.7,Fossilworks,13500,Fleagle 1999,,,,,,,,,,,,,,,,,,
Anaptomorphus,aemulus,,no,,,50.3,46.2,Fossilworks,241.085,estimate,1.9,2.4,,,,,,,,,,,,,,,Gazin 1958,
Anaptomorphus,westi,,no,,,50.3,46.2,Fossilworks,469.824,estimate,2.11,2.79,3.43,2.57,2.5,2.8,3.8,2.65,,,,,2.05,2.33,3.1,2.5,Gunnell 1995 Muldoon and Gunnell 2002,
Anaptomorphus,wortmani,,no,,,,,,160,Fleagle 1999,,,,,,,,,,,,,,,,,,
Anasazia,williamsoni,,no,,,63.3,61.7,Fossilworks,,,,,,,,,,,,,,,,,,,,
Anchomomys,(fendantia),,no,,,40.4,37.2,Fossilworks,,,,,,,,,,,,,,,,,,,,
Anchomomys,(huerzeleris),,no,,,40.4,37.2,Fossilworks,,,,,,,,,,,,,,,,,,,,
Anchomomys,crocheti,,no,,,,,,160,Fleagle 1999,,,,,,,,,,,,,,,,,,
Anchomomys,frontanyensis,,no,,,48.6,37.2,Fossilworks,,,,,,,,,,,,,,,,,,,,
Anchomomys,gaillardi,,no,,,40.4,37.2,Fossilworks,110,Fleagle 1999,,,,,,,,,,,,,,,,,,
Anchomomys,latidens,,no,,,,,,,,,,,,,,,,,,,,,,,,,
Anchomomys,milleri,,no,,,33.9,28.4,Fossilworks,,,,,,,,,,,,,,,,,,,,
Anchomomys,milleri,,no,,,,,,100,Fleagle 1999,,,,,,,,,,,,,,,,,,
Anchomomys,pygmaea,,no,,,,,,250,Fleagle 1999,,,,,,,,,,,,,,,,,,
Anchomomys,stehlini,,no,,,40.4,37.2,Fossilworks,,,,,,,,,,,,,,,,,,,,
Anemorhysis,coverti,tetonoides coverti,no,,,,,,70,Fleagle 1999,,,,,,,,,,,,,,,,,,
Anemorhysis,musculus,tetonoides musculus,no,,,,,,,,,,,,,,,,,,,,,,,,,
Anemorhysis,natronensis,,no,,,50.3,46.2,Fossilworks,89.766,estimate,1.4,1.8,,,,,,,,,,,,,,,Alroy 2000,
Anemorhysis,nettingi,uintalacus nettingi,no,,,,,,,,,,,,,,,,,,,,,,,,,
Anemorhysis,pattersoni,,no,,,55.8,50.3,Fossilworks,139.902,estimate,1.62,1.95,2.8,1.65,1.725,1.875,2.95,1.7,,,,,1.35,1.55,2.4,1.45,Bown and Rose 1984 Bown and Rose 1987,
Anemorhysis,pearcei,tetonoides pearcei,no,,,55.8,50.3,Fossilworks,87.113,estimate,1.5,1.65,,,,,,,,,,,,,,,Bown and Rose 1984,
Anemorhysis,savagei,,no,,,,,,100,Fleagle 1999,,,,,,,,,,,,,,,,,,
Anemorhysis,sublettensis,,no,,,55.8,50.3,Fossilworks,68.636,estimate,1.3,1.65,,,,,,,,,,,,,,,Bown and Rose 1984,
Anemorhysis,wortmani,,no,,,55.8,50.3,Fossilworks,110.19,estimate,1.5,1.9,,,,,,,,,,,,,,,Bown and Rose 1984 Bown and Rose 1987 Zonneveld et al. 2000,
Antillothrix,bernensis,,no,,,,,,,,,,,,,,,,,,,,,,,,,
Aotus,dindensis,,no,,,16.3,15.5,Fossilworks,1000,Fleagle 1999,,,,,,,,,,,,,,,,,,yes
Apidium,bowni,,no,,,33.9,28.4,Fossilworks,750,Fleagle 1999,,,,,,,,,,,,,,,,,,
Apidium,moustafai,,no,,,33.9,28.4,Fossilworks,850,Fleagle 1999,,,,,,,,,,,,,,,,,,
Apidium,phiomense,,no,,,33.9,28.4,Fossilworks,1600,Fleagle 1999,,,,,,,,,,,,,,,,,,
Arapahovius,advena,,no,,,55.8,50.3,Fossilworks,121.067,estimate,1.56,1.82,2.5,1.8,1.65,1.8,2.7,1.7,,,,,,,2.2,1.45,Bown and Rose 1991 Rose 1995,
Arapahovius,gazini,,no,,,55.8,50.3,Fossilworks,283.61,estimate,,,3.35,2.2,,,3.7,2.1,,,,,,,2.8,1.85,Bown and Rose 1991,
Archaeoindris,fontoynonti,,no,,,,,,200000,Fleagle 1999,,,,,,,,,,,,,,,,,,
Archaeolemur,edwardsi,,no,,,,,,22000,Fleagle 1999,,,,,,,,,,,,,,,,,,
Archaeolemur,majori,,no,,,,,,17000,Fleagle 1999,,,,,,,,,,,,,,,,,,
Archaeopithecus,alternans,,no,,,,,,,,,,,,,,,,,,,,,,,,,
Archaeopithecus,rigidus,,no,,,,,,,,,,,,,,,,,,,,,,,,,
Archaeopithecus,rogeri,,no,,,,,,,,,,,,,,,,,,,,,,,,,
Arcius,rougieri,,no,yes,Fleagle 1999,55.8,48.6,Fossilworks,76,Fleagle 1999,,,,,,,,,,,,,,,,,,
Arcius,zbyszewskii,,no,,,55.8,48.6,Fossilworks,,,,,,,,,,,,,,,,,,,,
Arctodontomys,nuptus,,no,yes,Fleagle 1999,55.8,50.3,Fossilworks,709.767,estimate,2.52,3.46,,,,,,,,,,,,,,,Gunnell 1985,
Arctodontomys,simplicidens,,no,yes,Fleagle 1999,56.8,55.8,Fossilworks,504.902,estimate,2.3,3.09,,,,,,,,,,,,,,,Alroy 2000 Gunnell 1985 Rose 1981,
Arctodontomys,wilsoni,,no,yes,Fleagle 1999,55.8,50.3,Fossilworks,513.575,estimate,2,2.8,3.43,2.82,2.19,2.91,3.68,2.83,1.88,3.05,3.05,2.51,1.85,2.71,3.25,2.7,Gingerich 1989 Gunnell 1985 Szalay 1969,
Ardipithecus,ramidus,,no,,,5.332,3.6,Fossilworks,,,,,,,,,,,,,,,,,,,,
Arisella,capellae,,no,,,,,,,,,,,,,,,,,,,,,,,,,
Arsinoea,kallimos,,no,,,33.9,28.4,Fossilworks,350,Fleagle 1999,,,,,,,,,,,,,,,,,,
Artimonius,australis,,no,,,50.3,46.2,Fossilworks,323.371,estimate,2.22,2.45,,,,,,,,,,,,,,,Bown and Rose 1987,
Artimonius,nocerai,,no,,,50.3,46.2,Fossilworks,166.425,estimate,1.49,2.45,,,,,,,,,,,,,,,Bown and Rose 1987 Muldoon and Gunnell 2002,
Artimonius,witteri,,no,,,50.3,46.2,Fossilworks,223.382,estimate,1.65,2.64,,,,,,,,,,,,,,,Muldoon and Gunnell 2002,
Asiadapis,cambayensis,,no,,,55.8,48.6,Fossilworks,,,,,,,,,,,,,,,,,,,,
Asiomomys,changbaicus,,no,,,48.6,40.4,Fossilworks,475,Fleagle 1999,,,,,,,,,,,,,,,,,,
Ateles,ater,,no,,,,,,,,,,,,,,,,,,,,,,,,,
Australopithecus,aethiopicus,,no,,,,,,38000,Fleagle 1999,,,,,,,,,,,,,,,,,,
Australopithecus,afarensis,praeanthropus africanus,no,,,,,,36950,Fleagle 1999,,,,,,,,,,,,,,,,,,
Australopithecus,africanus,,no,,,3.6,2.588,Fossilworks,35500,Fleagle 1999,,,,,,,,,,,,,,,,,,
Australopithecus,anamensis,praeanthropus anamensis,no,,,,,,,,,,,,,,,,,,,,,,,,,
Australopithecus,bahrelghazali,praeanthropus bahrelghazali,no,,,,,,,,,,,,,,,,,,,,,,,,,
Australopithecus,boisei,,no,,,1.806,0.781,Fossilworks,41300,Fleagle 1999,,,,,,,,,,,,,,,,,,
Australopithecus,garhi,praeanthropus garhi,no,,,2.5,1.5,humanorigins.si.edu,,,,,,,,,,,,,,,,,,,,
Australopithecus,robustus,,no,,,2.588,0.781,Fossilworks,36050,Fleagle 1999,,,,,,,,,,,,,,,,,,
Australopithecus,sediba,,no,,,3.6,2.588,Fossilworks,,,,,,,,,,,,,,,,,,,,
Avenius,amatorum,,no,yes,Fleagle 1999,55.8,48.6,Fossilworks,8,Fleagle 1999,,,,,,,,,,,,,,,,,,
Aycrossia,lovei,,no,,,50.3,46.2,Fossilworks,296.213,estimate,2.15,2.4,,,,,,,,,,,,,,,Bown and Rose 1987,
Azibius,trerki,tabelia hammadae,no,,,47.8,41.3,Fossilworks,120/450,Fleagle 1999,,,,,,,,,,,,,,,,,,
Baataromomys,ulaanus,,no,,,55.8,48.6,Fossilworks,,,,,,,,,,,,,,,,,,,,
Babakotia,radofilai,,no,,,,,,15000,Fleagle 1999,,,,,,,,,,,,,,,,,,
Berruvius,lasseroni,,no,yes,Fleagle 1999,58.7,55.8,Fossilworks,20,Fleagle 1999,,,,,,,,,,,,,,,,,,
Biretia,fayumensis,,no,,,37.2,33.9,Fossilworks,,,,,,,,,,,,,,,,,,,,
Biretia,megalopsis,,no,,,37.2,33.9,Fossilworks,,,,,,,,,,,,,,,,,,,,
Biretia,piveteaui,,no,,,37.2,33.9,Fossilworks,300,Fleagle 1999,,,,,,,,,,,,,,,,,,
Branisella,boliviana,szalatavus,no,,,29,21,Fossilworks,1000/550,Fleagle 1999,,,,,,,,,,,,,,,,,,
Bugtilemur,mathesoni,,no,,,33.9,28.4,Fossilworks,,,,,,,,,,,,,,,,,,,,
Bunopithecus,sericus,,no,,,0.781,0.126,mootnick and groves,,,,,,,,,,,,,,,,,,,,
Buxella,magna,,no,,,47.8,38,Fleagle 1999,620,Fleagle 1999,,,,,,,,,,,,,,,,,,
Buxella,prisca,,no,,,47.8,38,Fleagle 1999,550,Fleagle 1999,,,,,,,,,,,,,,,,,,
Caenopithecus,lemuroides,,no,,,40.4,37.2,Fossilworks,3500,Fleagle 1999,,,,,,,,,,,,,,,,,,
Caipora,bambuiorum,,no,,,2.588,0.0117,Fleagle 1999,24000,Fleagle 1999,,,,,,,,,,,,,,,,,,yes
Cantius,abditus,,no,,,55.8,50.3,Fossilworks,3456.803,estimate,4.3,4.6,6.7,4.9,4.7,4.9,7.7,5.1,4.3,6.5,6,4.1,,,,,Gingerich and Simons 1977 Gunnell 1995 Rose et al. 1999,
Cantius,actius,,no,,,46.2,40.4,Fossilworks,4281.505,estimate,,,6.2,5.2,,,7.3,5.3,4.5,6.9,6.2,5,,,,,Gunnell 1995,
Cantius,angulatus,smilodectes gingerichi,no,,,55.8,50.3,Fossilworks,958.136,estimate,2.9,3.6,,,,,,,,,,,,,,,Beard 1988,
Cantius,eppsi,,no,,,,,,1000,Fleagle 1999,,,,,,,,,,,,,,,,,,
Cantius,frugivorus,,no,,,55.8,50.3,Fossilworks,2098.703,estimate,3.61,4.31,5.68,4.03,3.89,4.33,6.3,4.35,3.45,5.55,5.2,3.45,2.78,3.98,4.6,3.45,Beard 1988 Gingerich and Simons 1977,
Cantius,mckennai,,no,,,55.8,50.3,Fossilworks,1801.364,estimate,3.39,4.03,5.4,4,3.9,4.4,6.8,3.8,,,,,2.6,3.2,4.7,3.5,Davidson 1987 Gingerich and Simons 1977 McKenna 1960,
Cantius,ralstoni,,no,,,55.8,50.3,Fossilworks,1395.092,estimate,3.14,3.67,5.23,3.6,3.44,3.71,5.93,3.64,,,,,2.46,3.14,4.45,3.38,Gingerich and Simons 1977,
Cantius,savagei,,no,,,,,,1760,Fleagle 1999,,,,,,,,,,,,,,,,,,
Cantius,simonsi,,no,,,55.8,50.3,Fossilworks,6882.632,estimate,5.5,6.2,,,,,,,,,,,,,,,Gunnell 2002,
Cantius,torresi,,no,,,55.8,50.3,Fossilworks,1037.344,estimate,2.85,3.34,5.065,3.38,3.175,3.515,5.255,3.33,,,,,2.299,2.877,3.75,3,Gingerich 1995,
Cantius,trigonodus,,no,,,55.8,50.3,Fossilworks,2000,Fleagle 1999,,,,,,,,,,,,,,,,,,
Cantius,venticolis,,no,,,,,,3000,Fleagle 1999,,,,,,,,,,,,,,,,,,
Carlocebus,carmenensis,,no,,,23.03,15.97,Fossilworks,3500,Fleagle 1999,,,,,,,,,,,,,,,,,,yes
Carlocebus,intermedius,,no,,,23.02,15.97,Fossilworks,2000,Fleagle 1999,,,,,,,,,,,,,,,,,,yes
Carpocristes,cygneus,,no,yes,Fleagle 1999,61.7,56.8,Fossilworks,46.89,estimate,1.1,1.3,1.68,1.18,,,,,,,,,,,1.83,1.67,Fox 2002,
Carpocristes,hobackensis,,no,yes,Fleagle 1999,61.7,56.8,Fossilworks,33,Fleagle 1999,,,,,,,,,,,,,,,,,,
Carpocristes,oriens,,no,,,55.8,48.6,Fossilworks,,,,,,,,,,,,,,,,,,,,
Carpocristes,rosei,,no,,,,,,,,,,,,,,,,,,,,,,,,,
Carpodaptes,aulacodon,,no,,,61.7,56.8,Fossilworks,66.256,estimate,1.5,1.4,,,,,,,,,,,,,,,Simpson 1935,
Carpodaptes,hazelae,,no,,,61.7,56.8,Fossilworks,130.567,estimate,1.61,1.96,,,,,,,,,,,,,,,Simpson 1937,
Carpodaptes,stonleyi,,no,,,58.7,56.8,Fossilworks,88.618,estimate,1.24,1.46,1.86,1.26,,,,,,,,,1.38,2.28,1.87,1.65,Bloch et al. 2001 Krause 1978,
Carpolestes,dubius,,no,yes,Fleagle 1999,61.7,56.8,Fossilworks,220.074,estimate,1.67,1.87,2.27,1.58,,,,,,,,,2.01,3.32,2.17,2.23,Alroy 2000,
Carpolestes,nigridens,,no,yes,Fleagle 1999,56.8,55.8,Fossilworks,87,Fleagle 1999,,,,,,,,,,,,,,,,,,
Carpolestes,simpsoni,,no,,,56.8,55.8,Fossilworks,138.891,estimate,1.32,1.75,2.04,1.49,,,,,,,,,1.6,2.96,1.78,2.02,Bloch and Gingerich 1998,
Carpomegodon,jepseni,,no,,,58.7,56.8,Fossilworks,324.134,estimate,1.83,1.95,2.49,1.81,,,,,,,,,2.34,3.76,2.72,2.35,Bloch et al. 2001,
Catopithecus,browni,,no,,,33.9,28.4,Fossilworks,900,Fleagle 1999,,,,,,,,,,,,,,,,,,
Cebupithecia,sarmientoi,,no,,,16.3,5.332,Fossilworks,1036.314,estimate,,,3.9,4,,,,,,,,,,,3.7,2.7,Stirton and Savage 1950,yes
Cercamonius,brachyrhynchus,,no,,,37.2,33.9,Fossilworks,4000,Fleagle 1999,,,,,,,,,,,,,,,,,,
Cercopithecoides,kimeui,,no,,,2.581,1.7,Frost et al. 2003,,,,,,,,,,,,,,,,,,,,
Cercopithecoides,williamsi,,no,,,2.5,1.5,Frost et al. 2015,33000,Fleagle 1999,,,,,,,,,,,,,,,,,,
Chalicomomys,willwoodensis,,no,,,55.8,50.3,Fossilworks,13.607,estimate,0.7,1.16,,,,,,,,,,,,,,,Robinson 1994,
Chilecebus,carrascoensis,,no,,,21,17.5,Fossilworks,1000,Fleagle 1999,,,,,,,,,,,,,,,,,,yes
Chipetaia,lamporea,,no,,,46.2,40.4,Fossilworks,903.729,estimate,2.8,3.6,,,,,,,,,,,,,,,Rasmussen 1996,
Chiromyoides,caesor,,no,yes,Fleagle 1999,56.8,55.8,Fossilworks,379.918,estimate,2.3,2.24,3.9,2.25,2.48,2.44,3.91,2.27,,,3.4,2.16,,,,,Winterfeld 1982,
Chiromyoides,campanicus,,no,yes,Fleagle 1999,58.7,55.8,Fossilworks,314,Fleagle 1999,,,,,,,,,,,,,,,,,,
Chiromyoides,major,,no,yes,Fleagle 1999,56.8,55.8,Fossilworks,,,,,,,,,,,,,,,,,,,,
Chiromyoides,minor,,no,yes,Fleagle 1999,61.7,56.8,Fossilworks,177.941,estimate,1.9,2,,,,,,,,,,,,,,,Gingerich and Dorr 1979,
Chiromyoides,potior,,no,yes,Fleagle 1999,56.8,55.8,Fossilworks,464.521,estimate,2.6,2.6,,,,,,,,,,,,,,,Schiebout 1974,
Chlororhysis,incomptus,,no,,,55.8,50.3,Fossilworks,,,,,,,,,,,,,,,,,,,,
Chlororhysis,knightensis,,no,,,55.8,50.3,Fossilworks,66.251,estimate,1,2.1,,,,,,,,,,,,,,,Gazin 1962,
Choctawius,foxi,,no,,,55.8,50.3,Fossilworks,,,,,,,,,,,,,,,,,,,,
Choctawius,mckennai,,no,,,55.8,50.3,Fossilworks,,,,,,,,,,,,,,,,,,,,
Chororapithecus,abyssinicus,,no,,,11.1,9.7,Fossilworks,,,,,,,,,,,,,,,,,,,,
Chronolestes,simul,,no,yes,Fleagle 1999,55.8,48.6,Fossilworks,35,Fleagle 1999,,,,,,,,,,,,,,,,,,
Chumashius,balchi,,no,,,40.4,37.2,Fossilworks,269.46,estimate,1.95,2.5,,,,,,,,,,,,,,,Gazin 1958,
Colobus,flandrini,,no,,,,,,16000,Fleagle 1999,,,,,,,,,,,,,,,,,,
Copelemur,australotutus,,no,,,55.8,50.3,Fossilworks,2518.07,estimate,3.69,4.62,6,4.45,3.88,4.66,6.5,4.58,3.52,5.78,5.8,4.05,,,,,Beard 1988 Gunnell 2002,
Copelemur,consortutus,cantius nunienus,no,,,50.3,46.3,Fossilworks,2135.97,estimate,4.32,3.54,4.1,5.25,4.48,3.89,4.33,6.07,5.57,3.53,3.48,5.16,,,,,Fossilworks,
Copelemur,feretutus,,no,,,,,,2000,Fleagle 1999,,,,,,,,,,,,,,,,,,
Copelemur,praetutus,,no,,,55.8,50.3,Fossilworks,1693.931,estimate,3.16,4.09,5.32,4.08,3.49,4.16,6,4.23,3.15,5,4.57,3.3,,,,,Beard 1988 Gunnell 2002 Kihm 1984,
Copelemur,tutus,,no,,,55.8,50.3,Fossilworks,3540.527,estimate,4.4,5.2,,,,,,,,,,,,,,,Beard 1988 Gingerich and Simons 1977,
Craseops,sylvestris,,no,yes,Fleagle 1999,46.2,40.4,Fossilworks,4426.427,estimate,4.1,5.2,6.8,6.1,4.5,5.6,7,6.4,4.5,6.6,5.7,5.5,,,,,Gunnell 1989,
Cryptadapis,bowni,,no,,,,,,,,,,,,,,,,,,,,,,,,,
Cryptadapis,tertius,,no,,,38,33.9,Fleagle 1999,2500,Fleagle 1999,,,,,,,,,,,,,,,,,,
Darwinius,masillae,,no,,,48.6,40.4,Fossilworks,,,,,,,,,,,,,,,,,,,,
Daubentonia,robusta,,no,,,,,,10000,Fleagle 1999,,,,,,,,,,,,,,,,,,
Dendropithecus,macinnesi,,no,,,20.43,15.97,Fossilworks,9000,Fleagle 1999,,,,,,,,,,,,,,,,,,
Diablomomys,dalquesti,,no,,,46.2,40.4,Fossilworks,505.913,estimate,,,3.69,2.75,,,,,,,,,,,3.13,2.25,Williams and Kirk 2008,
Dillerlemur,pagei,,no,,,56.8,55.8,Fossilworks,288.487,estimate,2.05,2.34,3.05,2.22,2.09,2.35,2.75,1.7,,,,,2,3.09,2.65,2,Rose 1981,
Dillerlemur,robinettei,,no,yes,Fleagle 1999,55.8,50.3,Fossilworks,419,Fleagle 1999,,,,,,,,,,,,,,,,,,
Dinopithecus,ingens,,no,,,2.5,1.5,Williams et al. 2007,77000,Fleagle 1999,,,,,,,,,,,,,,,,,,
Dionysopithecus,orientalis,,no,,,23.03,15.97,Fleagle 1999,,,,,,,,,,,,,,,,,,,,
Dionysopithecus,shuangouensis,,no,,,20.43,15.97,Fossilworks,3300,Fleagle 1999,,,,,,,,,,,,,,,,,,
Djebelemur,martinezi,,no,,,55.8,40.4,Fossilworks,100,Fleagle 1999,,,,,,,,,,,,,,,,,,
Dolichocebus,gaimanensis,,no,,,21,17.5,Fossilworks,2700,Fleagle 1999,,,,,,,,,,,,,,,,,,yes
Dolichopithecus,hanaumani,,no,,,,,,,,,,,,,,,,,,,,,,,,,
Dolichopithecus,ruscinensis,,no,,,5.33,2.59,Fossilworks,18000,Fleagle 1999,,,,,,,,,,,,,,,,,,
Donrussellia,gallica,,no,,,,,,210,Fleagle 1999,,,,,,,,,,,,,,,,,,
Donrussellia,lusitanica,,no,,,55.8,48.6,Fossilworks,,,,,,,,,,,,,,,,,,,,
Donrussellia,magna,,no,,,56,47.8,Fleagle 1999,730,Fleagle 1999,,,,,,,,,,,,,,,,,,
Donrussellia,provincialis,,no,,,55.8,48.6,Fossilworks,270,Fleagle 1999,,,,,,,,,,,,,,,,,,
Draconodus,apertus,,no,yes,Fleagle 1999,63.3,61.7,Fossilworks,200,Fleagle 1999,,,,,,,,,,,,,,,,,,
Dryomomys,dulcifer,,no,,,56.8,55.8,Fossilworks,,,,,,,,,,,,,,,,,,,,
Dryomomys,szalayi,,no,,,58.7,55.8,Fossilworks,,,,,,,,,,,,,,,,,,,,
Dryopithecus,brancoi,,no,,,11.1,9.7,Fossilworks,,,,,,,,,,,,,,,,,,,,
Dryopithecus,crusafronti,,no,,,,,,26000,Fleagle 1999,,,,,,,,,,,,,,,,,,
Dryopithecus,fontani,,no,,,,,,35000,Fleagle 1999,,,,,,,,,,,,,,,,,,
Dryopithecus,laietanus,,no,,,,,,20000,Fleagle 1999,,,,,,,,,,,,,,,,,,
Dryopithecus,mogharensis,,no,,,16.9,15.97,Fossilworks,,,,,,,,,,,,,,,,,,,,
Dyseolemur,pacificus,,no,,,46.2,40.4,Fossilworks,169.944,estimate,1.7,2,2.9,1.8,,,2.9,1.9,,,,,,,2.7,1.7,Lillegraven 1980 Rasmussen et al. 1995 Szalay 1976,
Edworthia,lerbekmoi,,no,,,63.3,61.7,Fossilworks,87.479,estimate,1.2,1.5,,,1.4,1.6,,,1.2,2,,,1,1.3,,,Fox et al. 2010,
Ekgmowechashala,philotau,,no,,,30.8,26.3,Fossilworks,1807.758,estimate,3.68,4.153,,,,,,,,,,,,,,,Szalay 1976,
Elphidotarsius,florencae,,no,yes,Fleagle 1999,63.3,61.7,Fossilworks,66.255,estimate,1.4,1.5,,,,,,,,,,,,,,,Alroy 2000 Simpson 1937,
Elphidotarsius,russelli,,no,yes,Fleagle 1999,61.7,56.8,Fossilworks,108.894,estimate,1.33,1.46,2.1,1.38,,,,,,,,,1.325,2.27,2.21,1.75,Silcox et al. 2001,
Elphidotarsius,shotgunensis,,no,yes,Fleagle 1999,61.7,56.8,Fossilworks,65.206,estimate,1.3,1.6,,,,,,,,,,,,,,,Gazin 1971,
Elphidotarsius,wightoni,,no,yes,Fleagle 1999,61.7,56.8,Fossilworks,71.596,estimate,1.1,1.32,1.9,1.225,,,,,,,,,1.2,1.94,1.925,1.6,Fox 1984,
Elwynella,oreas,,no,yes,Fleagle 1999,50.3,46.2,Fossilworks,241.921,estimate,1.85,2.47,,,,,,,,,,,,,,,Rose and Bown 1982,
Eosimias,centennicus,,no,,,48.6,37.2,Fossilworks,,,,,,,,,,,,,,,,,,,,
Eosimias,dawsonae,,no,,,48.6,37.2,Fossilworks,,,,,,,,,,,,,,,,,,,,
Eosimias,sinensis,,no,,,48.6,37.2,Fossilworks,100,Fleagle 1999,,,,,,,,,,,,,,,,,,
Europolemur,collinsonae,,no,,,40.4,37.2,Fossilworks,1500,Fleagle 1999,,,,,,,,,,,,,,,,,,
Europolemur,dunaefi,,no,,,,,,1360,Fleagle 1999,,,,,,,,,,,,,,,,,,
Europolemur,kelleri,,no,,,,,,,,,,,,,,,,,,,,,,,,,
Europolemur,klatti,,no,,,48.6,40.4,Fossilworks,1700,Fleagle 1999,,,,,,,,,,,,,,,,,,
Europolemur,koenigswaldi,,no,,,48.6,40.4,Fossilworks,,,,,,,,,,,,,,,,,,,,
Galago,farafraensis,,no,,,11.608,5.332,Fossilworks,,,,,,,,,,,,,,,,,,,,
Galago,howelli,,no,,,5.333,0.0117,Fleagle 1999,700,Fleagle 1999,,,,,,,,,,,,,,,,,,
Galago,sadimanensis,,no,,,5.333,0.0117,Fleagle 1999,200,Fleagle 1999,,,,,,,,,,,,,,,,,,
Ganlea,megacanina,,no,,,48.6,37.2,Fossilworks,,,,,,,,,,,,,,,,,,,,
Gazinius,amplus,,no,,,50.3,46.2,Fossilworks,875,Fleagle 1999,,,,,,,,,,,,,,,,,,
Gazinius,bowni,,no,,,50.3,46.2,Fossilworks,600,Fleagle 1999,,,,,,,,,,,,,,,,,,
Gigantopithecus,bilaspurensis,,no,,,5.33,2.58,Chopra 1978,190000,Fleagle 1999,,,,,,,,,,,,,,,,,,
Gigantopithecus,blacki,,no,,,2.588,0.0117,Fleagle 1999,225000,Fleagle 1999,,,,,,,,,,,,,,,,,,
Gorgopithecus,major,,no,,,5.332,0.012,Fossilworks,41000,Fleagle 1999,,,,,,,,,,,,,,,,,,
Graecopithecus,freybergi,,no,,,,,,,,,,,,,,,,,,,,,,,,,
Graecopithecus,macedoniensis,,no,,,,,,110000,Fleagle 1999,,,,,,,,,,,,,,,,,,
Griphopithecus,alpani,,no,,,15.97,11.608,King et al. 1998,28000,Fleagle 1999,,,,,,,,,,,,,,,,,,
Griphopithecus,darwini,,no,,,15.97,11.608,Cameron 2004,48000,Fleagle 1999,,,,,,,,,,,,,,,,,,
Guangxilemur,singsilai,,no,,,33.9,28.4,Fossilworks,,,,,,,,,,,,,,,,,,,,
Guangxilemur,tongi,,no,,,37.2,33.9,Fossilworks,,,,,,,,,,,,,,,,,,,,
Guilielmoscottia,plicifera,,no,,,,,,,,,,,,,,,,,,,,,,,,,
Hadropithecus,stenognathus,,no,,,,,,28000,Fleagle 1999,,,,,,,,,,,,,,,,,,
Hemiacodon,casamissus,,no,,,55.8,50.3,Fossilworks,470.824,estimate,2.35,2.9,,,,,,,,,,,,,,,Alroy 2000,
Hemiacodon,engardae,,no,,,46.2,40.4,Fossilworks,1188.096,estimate,3.01,3.84,,,3.04,3.88,,,2.76,4.55,,,2.44,3.11,,,Murphey and Dunn 2009,
Hemiacodon,gracilis,,no,,,46.2,40.4,Fossilworks,1000.626,estimate,3,3.6,4.74,3.53,3.04,3.42,4.91,3.35,2.55,3.74,4.04,2.66,,,,,Gazin 1958 Gunnell 1995,
Henricosbornia,alouatina,,no,,,,,,,,,,,,,,,,,,,,,,,,,
Henricosbornia,lophodonta,,no,,,,,,,,,,,,,,,,,,,,,,,,,
Henricosbornia,subconica,,no,,,,,,,,,,,,,,,,,,,,,,,,,
Henricosbornia,waitehor,,no,,,57,55.8,Fossilworks,,,,,,,,,,,,,,,,,,,,
Hoanghonius,stehlini,,no,,,37.2,33.9,Fossilworks,700,Fleagle 1999,,,,,,,,,,,,,,,,,,
Homo,antecessor,,no,,,2.588,0.012,Fossilworks,,,,,,,,,,,,,,,,,,,,
Homo,erectus,,no,,,1.806,0.012,Fossilworks,57650,Fleagle 1999,,,,,,,,,,,,,,,,,,
Homo,georgicus,,no,,,2.588,0.781,Fossilworks,,,,,,,,,,,,,,,,,,,,
Homo,habilis,,no,,,1.806,0.781,Fossilworks,41550,Fleagle 1999,,,,,,,,,,,,,,,,,,
Homo,heidelbergensis,,no,,,0.781,0.126,Fossilworks,10000,Fleagle 1999,,,,,,,,,,,,,,,,,,
Homo,helmei,,no,,,,,,,,,,,,,,,,,,,,,,,,,
Homo,neanderthalensis,,no,,,0.126,0.012,Fossilworks,76000,Fleagle 1999,,,,,,,,,,,,,,,,,,
Homo,njarasensis,,no,,,,,,,,,,,,,,,,,,,,,,,,,
Homo,platyops,,no,,,,,,,,,,,,,,,,,,,,,,,,,
Homo,rhodesiensis,,no,,,,,,,,,,,,,,,,,,,,,,,,,
Homo,rudolfensis,,no,,,5.332,0.012,Fossilworks,45000,Fleagle 1999,,,,,,,,,,,,,,,,,,
Homo,troglodytes,,no,,,,,,,,,,,,,,,,,,,,,,,,,
Homunculus,imago,,no,,,,,,,,,,,,,,,,,,,,,,,,,
Homunculus,patagonicus,,no,,,23.03,15.97,Fossilworks,2700,Fleagle 1999,,,,,,,,,,,,,,,,,,yes
Huerzeleria,quercyi,,no,,,,,,190,Fleagle 1999,,,,,,,,,,,,,,,,,,
Ignacius,clarkforkensis,,no,,,56.8,55.8,Fossilworks,,,,,,,,,,,,,,,,,,,,
Ignacius,fremontensis,,no,yes,Fleagle 1999,61.7,56.8,Fossilworks,57.066,estimate,1.2,1.6,,,,,,,,,,,,,,,Alroy 2000 Gazin 1971,
Ignacius,frugivorus,,no,yes,Fleagle 1999,61.7,56.8,Fossilworks,180.087,estimate,1.6,2,2.75,2.05,1.67,2.04,2.8,1.9,1.47,2.67,2.2,1.8,1,1.6,2.3,1.9,Krause 1978 Krishtalka et al. 1975 Simpson 1935 Simpson 1936 Winterfeld 1982,
Ignacius,graybullianus,,no,yes,Fleagle 1999,55.8,50.3,Fossilworks,288.094,estimate,2.13,2.28,2.98,2.2,2.05,2.05,2.84,2.05,1.85,3.2,2.6,2.34,,,,,Alroy 2000 Bown and Rose 1976 Rose and Gingerich 1976,
Indraloris,himalayensis,,no,,,11.608,5.332,Fossilworks,2500,Fleagle 1999,,,,,,,,,,,,,,,,,,
Indusius,kaliae,,no,,,55.8,48.6,Fossilworks,,,,,,,,,,,,,,,,,,,,
Jattadectes,mamikheli,,no,,,55.8,48.6,Fossilworks,,,,,,,,,,,,,,,,,,,,
Jemezius,szalayi,,no,,,55.8,50.3,Fossilworks,219.258,estimate,1.8,2.3,2.7,2.2,1.95,2.2,2.9,1.9,,,,,1.8,2,2.3,1.8,Beard 1987,
Kalepithecus,songhorensis,,no,,,15.97,13.65,Fossilworks,5000,Fleagle 1999,,,,,,,,,,,,,,,,,,
Kamoyapithecus,hamiltoni,,no,,,28.1,23.03,Fleagle 1999,,,,,,,,,,,,,,,,,,,,
Karanisia,arenula,,no,,,37.2,28.4,Fossilworks,,,,,,,,,,,,,,,,,,,,
Karanisia,clarki,,no,,,37.2,33.9,Fossilworks,,,,,,,,,,,,,,,,,,,,
Kenyapithecus,africanus,equatorius africanus,no,,,15.97,11.608,Fossilworks,41000,Fleagle 1999,,,,,,,,,,,,,,,,,,
Kenyapithecus,wickeri,,no,,,13.65,11.608,Fossilworks,27000,Fleagle 1999,,,,,,,,,,,,,,,,,,
Khoratpithecus,ayeyarwadyensis,,no,,,11.608,7.246,Fossilworks,,,,,,,,,,,,,,,,,,,,
Khoratpithecus,chiangmuanensis,,no,,,,,,,,,,,,,,,,,,,,,,,,,
Khoratpithecus,piriyai,,no,,,11.608,5.332,Fossilworks,,,,,,,,,,,,,,,,,,,,
Killikaike,blakei,,no,,,17.5,16.3,Fossilworks,,,,,,,,,,,,,,,,,,,,
Kogolepithecus,morotoensis,,no,,,22.4,20,Fossilworks,,,,,,,,,,,,,,,,,,,,
Kohatius,coppensi,,no,,,48.6,40.4,Fossilworks,190,Fleagle 1999,,,,,,,,,,,,,,,,,,
Komba,minor,,no,,,23.03,15.97,Fleagle 1999,125,Fleagle 1999,,,,,,,,,,,,,,,,,,
Komba,robusta,,no,,,23.03,15.97,Fleagle 1999,300,Fleagle 1999,,,,,,,,,,,,,,,,,,
Komba,winamensis,,no,,,23.03,15.97,Fleagle 1999,1000,Fleagle 1999,,,,,,,,,,,,,,,,,,
Krabia,minuta,,no,,,37.2,33.9,Fossilworks,,,,,,,,,,,,,,,,,,,,
Krishnapithecus,krishnaii,,no,,,11.608,5.332,Ciochon 1985,,,,,,,,,,,,,,,,,,,,
Kyitchaungia,takaii,,no,,,40.4,37.2,Fossilworks,,,,,,,,,,,,,,,,,,,,
Laccopithecus,robustus,,no,,,8.7,5.332,Fossilworks,12000,Fleagle 1999,,,,,,,,,,,,,,,,,,
Lagonimico,conclucatus,,no,,,13.8,11.8,Fossilworks,1300,Fleagle 1999,,,,,,,,,,,,,,,,,,yes
Langsonia,liquidens,,no,,,0.781,0.126,Fossilworks,,,,,,,,,,,,,,,,,,,,
Laventiana,annectens,neosaimiri annectens,no,,,16.3,15.5,Fossilworks,800,Fleagle 1999,,,,,,,,,,,,,,,,,,yes
Leptadapis,(paradapis),,no,,,40.4,37.2,Fossilworks,1300,Fleagle 1999,,,,,,,,,,,,,,,,,,
Leptadapis,assolicus,,no,,,,,,3000,Fleagle 1999,,,,,,,,,,,,,,,,,,
Leptadapis,capellae,,no,,,,,,,,,,,,,,,,,,,,,,,,,
Leptadapis,filholi,,no,,,38,28.1,Fleagle 1999,,,,,,,,,,,,,,,,,,,,
Leptadapis,leenhardti,,no,,,38,28.1,Fleagle 1999,,,,,,,,,,,,,,,,,,,,
Leptadapis,magnus,,no,,,37.2,33.9,Fossilworks,4000,Fleagle 1999,,,,,,,,,,,,,,,,,,
Leptadapis,ruetimeyeri,,no,,,,,,2500,Fleagle 1999,,,,,,,,,,,,,,,,,,
Libypithecus,markgrafi,,no,,,11.608,5.332,Fossilworks,8400,Fleagle 1999,,,,,,,,,,,,,,,,,,
Limnopithecus,evansi,,no,,,23.03,15.97,Fleagle 1999,6000,Fleagle 1999,,,,,,,,,,,,,,,,,,
Limnopithecus,legetet,,no,,,23.03,15.97,Fleagle 1999,5000,Fleagle 1999,,,,,,,,,,,,,,,,,,
Lomorupithecus,harrisoni,,no,,,20.43,15.97,Fossilworks,,,,,,,,,,,,,,,,,,,,
Loveina,minuta,,no,,,55.8,50.3,Fossilworks,110.19,estimate,1.5,1.9,,,,,,,,,,,,,,,Bown and Rose 1984 Gazin 1962,
Loveina,sheai,,no,,,55.8,50.3,Fossilworks,200.795,estimate,1.6,2,,,1.7,2.1,,,1.5,2.6,,,1.5,1.7,,,Holroyd and Strait 2008,
Loveina,wapitiensis,,no,,,55.8,50.3,Fossilworks,236.629,estimate,1.6,2.2,,,1.8,2.2,,,1.7,2.8,,,1.5,1.8,,,Gunnell et al. 1992 Holroyd and Strait 2008,
Loveina,zephyri,,no,,,55.8,50.3,Fossilworks,168.996,estimate,1.69,2.18,,,,,,,,,,,,,,,Bown and Rose 1984 Szalay 1976,
Lufengpithecus,chiangmuanensis,,no,,,12.75,9.7,Fossilworks,,,,,,,,,,,,,,,,,,,,
Lufengpithecus,keiyuanensis,,no,,,11.608,5.332,Qi et al. 2006,,,,,,,,,,,,,,,,,,,,
Lufengpithecus,lufengensis,,no,,,11.608,5.332,Wikipedia,50000,Fleagle 1999,,,,,,,,,,,,,,,,,,
Lushius,qinlinensis,,no,,,37.2,33.9,Fossilworks,2900,Fleagle 1999,,,,,,,,,,,,,,,,,,
Mabokopithecus,clarki,,no,,,15.97,11.608,Fleagle 1999,10000,Fleagle 1999,,,,,,,,,,,,,,,,,,
Macaca,anderssoni,,no,,,2.588,0.0117,Fleagle 1999,,,,,,,,,,,,,,,,,,,,
Macaca,jiangchuanensis,,no,,,,,,,,,,,,,,,,,,,,,,,,,
Macaca,libyca,,no,,,,,,14000,Fleagle 1999,,,,,,,,,,,,,,,,,,
Macaca,majori,,no,,,2.588,0.0117,Fleagle 1999,9500,Fleagle 1999,,,,,,,,,,,,,,,,,,
Macaca,palaeindica,,no,,,,,,,,,,,,,,,,,,,,,,,,,
Macaca,phaeura,,no,,,,,,,,,,,,,,,,,,,,,,,,,
Macaca,prisca,,no,,,,,,12000,Fleagle 1999,,,,,,,,,,,,,,,,,,
Macacus,robustus,,no,,,2.588,0.012,Fossilworks,,,,,,,,,,,,,,,,,,,,
Macrotarsius,jepseni,,no,,,46.2,40.4,Fossilworks,1450.939,estimate,3.3,4,4.65,3.77,,,5.05,3.95,,,4.64,3.47,,,,,Krishtalka 1978 Lillegraven 1980 Robinson 1968,
Macrotarsius,macrorhysis,,no,,,48.6,37.2,Fossilworks,,,,,,,,,,,,,,,,,,,,
Macrotarsius,montanus,,no,,,40.4,37.2,Fossilworks,2192.521,estimate,3.9,4.4,,,,,,,,,,,,,,,Krishtalka 1978 Storer 1990,
Macrotarsius,roederi,,no,,,46.2,40.4,Fossilworks,1640,Fleagle 1999,,,,,,,,,,,,,,,,,,
Macrotarsius,siegerti,,no,,,40.4,37.2,Fossilworks,1735.726,estimate,3.61,4.3,5.097,4.04,,,5.393,3.973,,,4.93,3.41,,,,,Eaton 1985 Krishtalka 1978 Robinson 1968,
Magnadapis,fredi,,no,,,38,33.9,Fleagle 1999,,,,,,,,,,,,,,,,,,,,
Magnadapis,intermedius,,no,,,38,33.9,Fleagle 1999,,,,,,,,,,,,,,,,,,,,
Magnadapis,laurenceae,,no,,,38,33.9,Fleagle 1999,,,,,,,,,,,,,,,,,,,,
Magnadapis,quercyi,,no,,,38,33.9,Fleagle 1999,,,,,,,,,,,,,,,,,,,,
Mahgarita,stevensi,,no,,,40.4,37.2,Fossilworks,1079.992,estimate,2.53,3.67,4.67,3.72,2.65,3.67,5.1,3.62,2.4,4.21,4.64,3.13,2.11,3.33,3.85,2.79,Kirk and Williams 2011,
Marcgodinotius,indicus,,no,,,55.8,48.6,Fossilworks,,,,,,,,,,,,,,,,,,,,
Megachiromyoides,schluteri,,no,,,,,,,,,,,,,,,,,,,,,,,,,
Megadelphus,lundeliusi,,no,yes,Fleagle 1999,50.3,46.2,Fossilworks,5072.542,estimate,4.38,5.86,6.95,6,4.603,5.971,7.5,6.3,4.431,6.717,6.7,5.87,,,,,Gunnell 1989,
Megaladapis,edwardsi,,no,,,0.012,0.0006,Fossilworks/edgeofexistence.org,75000,Fleage 1999,,,,,,,,,,,,,,,,,,
Megaladapis,grandidieri,,no,,,,,,65000,Fleage 1999,,,,,,,,,,,,,,,,,,
Megaladapis,madagascariensis,,no,,,,,,40000,Fleage 1999,,,,,,,,,,,,,,,,,,
Melaneremia,bryanti,,no,,,55.8,48.6,Fossilworks,,,,,,,,,,,,,,,,,,,,
Mescalerolemur,horneri,,no,,,46.2,40.4,Fossilworks,658.548,estimate,2.15,3.08,3.8,3.13,,,4.1,3.13,2.05,3.42,3.35,2.45,1.91,3.08,3.3,2.64,Kirk and Williams 2011,
Mesopithecus,monspessulanus,,no,,,4.9,2.588,Fossilworks,5000,Fleagle 1999,,,,,,,,,,,,,,,,,,
Mesopithecus,pentelicus,,no,,,8.7,5.332,Fossilworks,8000,Fleagle 1999,,,,,,,,,,,,,,,,,,
Mesopropithecus,dolichobrachion,,no,,,,,,12000,Fleagle 1999,,,,,,,,,,,,,,,,,,
Mesopropithecus,globiceps,,no,,,,,,10000,Fleagle 1999,,,,,,,,,,,,,,,,,,
Mesopropithecus,pithecoides,,no,,,,,,11000,Fleagle 1999,,,,,,,,,,,,,,,,,,
Micodon,kiotensis,,no,,,13.8,11.8,Fossilworks,,,,,,,,,,,,,,,,,,,,yes
Microadapis,sciureus,,no,,,40.4,37.2,Fossilworks,600,Fleagle 1999,,,,,,,,,,,,,,,,,,
Microchoerus,creechbarrowensis,,no,,,38,28.1,Fleagle 1999,900,Fleagle 1999,,,,,,,,,,,,,,,,,,
Microchoerus,edwardsi,,no,,,38,28.1,Fleagle 1999,930,Fleagle 1999,,,,,,,,,,,,,,,,,,
Microchoerus,erinaceus,,no,,,37.2,33.9,Fossilworks,1775,Fleagle 1999,,,,,,,,,,,,,,,,,,
Microchoerus,ornatus,,no,,,38,28.1,Fleagle 1999,915,Fleagle 1999,,,,,,,,,,,,,,,,,,
Microchoerus,wardi,,no,,,38,28.1,Fleagle 1999,560,Fleagle 1999,,,,,,,,,,,,,,,,,,
Microcolobus,tugenensis,,no,,,13.65,11.608,Fossilworks,4000,Fleagle 1999,,,,,,,,,,,,,,,,,,
Micromomys,antelucanus,,no,,,55.8,50.3,Fossilworks,,,,,,,,,,,,,,,,,,,,
Micromomys,fremdi,,no,yes,Fleagle 1999,61.7,56.8,Fossilworks,31.713,estimate,0.8,1.175,1.55,1.18,0.83,1.18,1.8,1.18,0.76,1.4,1.65,0.9,,,,,Fox 1984,
Micromomys,silvercouleei,,no,yes,Fleagle 1999,61.7,56.8,Fossilworks,,,,,,,,,,,,,,,,,,,,
Micromomys,vossae,,no,yes,Fleagle 1999,61.7,56.8,Fossilworks,15.558,estimate,0.8,1.1,,,,,,,,,,,,,,,Krause 1978,
Micropithecus,clarki,,no,,,20.43,15.97,Fossilworks,3500,Fleagle 1999,,,,,,,,,,,,,,,,,,
Microsyops,angustidens,,no,yes,Fleagle 1999,50.3,48.6,Fossilworks,764.243,estimate,2.43,3.33,3.8,3.1,2.61,3.53,4.2,3.4,2.3,3.7,3.49,3.01,,,,,Gunnell 1985 Gunnell 1989 Szalay 1969,
Microsyops,annectens,,no,yes,Fleagle 1999,46.2,40.4,Fossilworks,2303.752,estimate,3.4,4.7,4.7,5.2,3.69,4.89,4.9,5.6,3.34,5.41,4,5,,,,,Eaton 1982 Gunnell 1989 Stock 1934 West 1982,
Microsyops,cardiorestes,,no,,,55.8,50.3,Fossilworks,436.244,estimate,2.17,3,,,,,,,,,,,,,,,Gunnell 1989,
Microsyops,elegans,,no,yes,Fleagle 1999,50.3,46.2,Fossilworks,1438.258,estimate,2.8,3.75,4.3,3.7,3.53,3.99,4.8,3.93,3.01,4.5,4.07,3.55,2.73,3.81,4.2,3.63,Bown 1982 Gunnell 1989 Gunnell 1998 West 1973 Zonneveld et al. 2000,
Microsyops,knightensis,,no,,,50.3,46.2,Fossilworks,1118.409,estimate,2.71,3.55,4.18,3.45,3.02,3.75,4.58,3.75,,,,,2.47,3.39,4,3.38,Gunnell 1989,
Microsyops,kratos,,no,yes,Fleagle 1999,46.2,40.4,Fossilworks,2829.685,estimate,4,5,,,,,,,,,,,,,,,Gunnell 1989,
Microsyops,latidens,,no,yes,Fleagle 1999,55.8,50.3,Fossilworks,855.532,estimate,2.41,3.34,3.87,3.41,2.64,3.55,4.1,3.57,2.4,3.99,3.6,3.4,,,,,Gunnell 1989 Szalay 1969,
Microsyops,scottianus,,no,yes,Fleagle 1999,50.3,46.2,Fossilworks,1209.961,estimate,3.01,3.99,,,,,,,,,,,,,,,Gunnell 1989 Gunnell et al. 1992,
Microsyops,vicarius,,no,,,,,,,,,,,,,,,,,,,,,,,,,
Miocallicebus,villaviejai,,no,,,13.8,11.8,Fossilworks,,,,,,,,,,,,,,,,,,,,
Mioeuoticus,bishopi,,no,,,23.03,5.332,Rasmussen and Nekaris 1998,300,Fleagle 1999,,,,,,,,,,,,,,,,,,
Mohanamico,hershkovitzi,,no,,,15.97,11.608,Fleagle 1999,1000,Fleagle 1999,,,,,,,,,,,,,,,,,,
Morotopithecus,bishopi,,no,,,22.4,20,Fossilworks,40000,Fleagle 1999,,,,,,,,,,,,,,,,,,
Muangthanhinius,siami,,no,,,37.2,33.9,Fossilworks,,,,,,,,,,,,,,,,,,,,
Myanmarpithecus,yarshensis,,no,,,40.4,33.9,Fossilworks,,,,,,,,,,,,,,,,,,,,
Nannodectes,gazini,,no,yes,Fleagle 1999,61.7,56.8,Fossilworks,416.681,estimate,2.09,2.35,3.47,2.41,2.36,2.46,3.64,2.48,2.16,3.6,3.02,2.37,,,,,Gingerich 1975 Gingerich 1976,
Nannodectes,gidleyi,,no,yes,Fleagle 1999,61.7,56.8,Fossilworks,881.119,estimate,2.72,2.91,4.2,2.9,3.08,3.17,4.59,3.13,3,4.7,4.1,2.9,,,,,Gingerich 1975 Gingerich 1976 Schiebout 1974 Winterfeld 1982,
Nannodectes,intermedius,,no,yes,Fleagle 1999,61.7,56.8,Fossilworks,461.284,estimate,2.2,2.4,3.7,2.4,2.6,2.5,3.7,2.4,2.4,3.7,3.2,2.4,,,,,Gazin 1969 Gingerich 1975 Gingerich et al. 1983 Krause and Gingerich 1983,
Nannodectes,simpsoni,,no,yes,Fleagle 1999,61.7,56.8,Fossilworks,719.142,estimate,2.58,2.69,4.13,2.81,2.89,2.97,4.64,2.96,2.55,4,3.5,2.87,,,,,Burger 2007 Gingerich 1975 Gingerich 1976,
Nannopithex,abderhalderi,,no,,,,,,170,Fleagle 1999,,,,,,,,,,,,,,,,,,
Nannopithex,barnesi,,no,,,,,,200,Fleagle 1999,,,,,,,,,,,,,,,,,,
Nannopithex,filholi,,no,,,,,,155,Fleagle 1999,,,,,,,,,,,,,,,,,,
Nannopithex,humilidens,,no,,,,,,140,Fleagle 1999,,,,,,,,,,,,,,,,,,
Nannopithex,pollicaris,,no,,,,,,125,Fleagle 1999,,,,,,,,,,,,,,,,,,
Nannopithex,quaylei,,no,,,40.4,37.2,Fossilworks,,,,,,,,,,,,,,,,,,,,
Nannopithex,raabi,,no,,,,,,170,Fleagle 1999,,,,,,,,,,,,,,,,,,
Nannopithex,zuccolae,,no,,,55.8,48.6,Fossilworks,180,Fleagle 1999,,,,,,,,,,,,,,,,,,
Nanomomys,thermophilus,,no,,,55.8,48.6,Fossilworks,,,,,,,,,,,,,,,,,,,,
Navajovius,kohlhaasae,,no,yes,Fleagle 1999,61.7,56.8,Fossilworks,62.282,estimate,1,1.4,2,1.5,1.2,1.6,1.9,1.5,,,,,0.9,1.5,1.7,1.6,Gunnell 1989 Schiebout 1974,
Necrolemur,antiquus,,no,,,38,33.9,Fleagle 1999,320,Fleagle 1999,,,,,,,,,,,,,,,,,,
Necrolemur,zitteli,,no,,,38,33.9,Fleagle 1999,290,Fleagle 1999,,,,,,,,,,,,,,,,,,
Neosaimiri,fieldsi,,no,,,13.8,11.8,Fossilworks,1008.596,estimate,,3,,,,3,,,,,,,,,,,Stirton 1951,yes
Nievesia,sossisensis,,no,,,37.2,33.9,Fossilworks,,,,,,,,,,,,,,,,,,,,
Niptomomys,doreenae,,no,yes,Fleagle 1999,55.8,50.3,Fossilworks,39.967,estimate,1.14,1.36,,,,,,,,,,,,,,,Alroy 2000 Gunnell and Gingerich 1981 Rose et al. 1993,
Niptomomys,favorum,,no,,,55.8,50.3,Fossilworks,,,,,,,,,,,,,,,,,,,,
Niptomomys,thelmae,,no,yes,Fleagle 1999,55.8,50.3,Fossilworks,56.326,estimate,1.27,1.5,,,,,,,,,,,,,,,Gunnell and Gingerich 1981,
Noropithecus,bulukensis,,no,,,23.02,15.97,Fossilworks,,,,,,,,,,,,,,,,,,,,
Notharctus,pugnax,,no,,,,,,5535.161,estimate,4.97,6.02,,,,,,,,,,,,,,,Gingerich 1979,
Notharctus,robinsoni,,no,,,50.3,46.2,Fossilworks,5729.634,estimate,4.6,5.8,7.57,6.2,5,6.1,7.76,6.04,4.7,7.9,,,3.9,5.2,6.65,4.6,Gingerich 1979 Gunnell 1998,
Notharctus,robustior,,no,,,46.2,40.4,Fossilworks,6900,Fleagle 1999,,,,,,,,,,,,,,,,,,
Notharctus,tenebrosus,,no,,,46.2,40.4,Fossilworks,5498.689,estimate,4.12,5.39,7.8,6.4,,,8.2,6.4,4.4,6.9,6.9,5.2,,,,,Gingerich 1979 Gunnell 1995,
Notharctus,venticolus,cantius venticolus,no,,,50.3,46.2,Fossilworks,4080.592,estimate,4.32,5.3,6.54,5.24,4.86,5.63,7.4,5.35,4.3,7.04,6.28,4.29,3.3,4.34,6.1,4.65,Gunnell 2002,
Notnamaia,bogenfelsi,,no,,,48.6,40.4,Fossilworks,,,,,,,,,,,,,,,,,,,,
Nuciruptor,rubricae,,no,,,13.8,11.8,Fossilworks,2000,Fleagle 1999,,,,,,,,,,,,,,,,,,yes
Nyanzapithecus,pickfordi,,no,,,23.03,11.608,Fleagle 1999,10000,Fleagle 1999,,,,,,,,,,,,,,,,,,
Nyanzapithecus,vancouveringorum,,no,,,23.03,11.608,Fleagle 1999,9000,Fleagle 1999,,,,,,,,,,,,,,,,,,
Nycticeboides,simpsoni,,no,,,11.608,5.332,Fleagle 1999,500,Fleagle 1999,,,,,,,,,,,,,,,,,,
Nycticebus,linglom,,no,,,15.97,11.608,Fossilworks,,,,,,,,,,,,,,,,,,,,
Oligopithecus,rogeri,,no,,,33.9,28.4,Fossilworks,1500,Fleagle 1999,,,,,,,,,,,,,,,,,,
Oligopithecus,savagei,,no,,,33.9,28.4,Fossilworks,1000,Fleagle 1999,,,,,,,,,,,,,,,,,,
Omanodon,minor,,no,,,33.9,28.4,Fossilworks,100,Fleagle 1999,,,,,,,,,,,,,,,,,,
Omomys,carteri,euryacodon lepidus,no,,,46.2,40.4,Fossilworks,350.152,estimate,2,2.5,3.2,2.4,2.1,2.4,3.5,2.3,1.77,2.81,3.18,2.06,,,2.9,2.1,Cuozzo 2008 Eaton 1982 Gazin 1958 McGrew and Sullivan 1971 Muldoon and Gunnell 2002 West 1973 West 1982 Williams and Kirk 2008 Zonneveld et al. 2000,
Omomys,lloydi,,no,,,46.2,40.4,Fossilworks,173.282,estimate,1.7,2.2,,,,,,,,,,,,,,,Gazin 1958,
Omomys,pucillus,,no,,,,,,,,,,,,,,,,,,,,,,,,,
Omopithecus,brumpti,,no,,,2.5,1.5,Fleagle 1999,50000,Fleagle 1999,,,,,,,,,,,,,,,,,,
Oreopithecus,bambolii,,no,,,11.1,7.246,Fossilworks,30000,Fleagle 1999,,,,,,,,,,,,,,,,,,
Otavipithecus,namibiensis,,no,,,11.608,5.332,Fleagle 1999,17500,Fleagle 1999,,,,,,,,,,,,,,,,,,
Othnielmarshia,lacunifera,,no,,,,,,,,,,,,,,,,,,,,,,,,,
Ourayia,hopsoni,,no,,,46.2,40.4,Fossilworks,1192.155,estimate,3.25,3.73,,,3.41,3.62,,,,,,,,,,,Robinson 1968 Williams and Kirk 2008,
Ourayia,uintensis,,no,,,46.2,40.4,Fossilworks,1704.426,estimate,3.3,4.2,4.8,3.8,3.79,4.81,5.2,4.1,,,4.8,3.8,,,,,Gazin 1958 Simons 1961 West 1982 Williams and Kirk 2008,
Pachylemur,insignis,,no,,,2.588,0.0117,Fleagle 1999,10000,Fleagle 1999,,,,,,,,,,,,,,,,,,
Pachylemur,julliyi,,no,,,2.588,0.0117,Fleagle 1999,12800,Fleagle 1999,,,,,,,,,,,,,,,,,,
Pachypithecus,macrognathus,,no,,,,,,,,,,,,,,,,,,,,,,,,,
Palaechthon,alticuspis,,no,yes,Fleagle 1999,61.7,56.8,Fossilworks,132.745,estimate,1.57,2.03,,,,,,,,,,,,,,,Gunnell 1989,
Palaechthon,woodi,,no,yes,Fleagle 1999,61.7,56.8,Fossilworks,72.135,estimate,1.3,1.7,,,,,,,,,,,,,,,Gazin 1971 Wood et al. 1979,
Palaeopropithecus,ingens,,no,,,,,,45000,Fleagle 1999,,,,,,,,,,,,,,,,,,
Palaeopropithecus,maximus,,no,,,,,,54000,Fleagle 1999,,,,,,,,,,,,,,,,,,
Palenochtha,minor,,no,yes,Fleagle 1999,61.7,56.8,Fossilworks,28.817,estimate,0.98,1.3,,,,,,,,,,,,,,,Hartman 1986 Rigby 1980 Simpson 1937,
Palenochtha,weissae,,no,,,63.3,61.7,Fossilworks,29.803,estimate,1,1.3,,,,,,,,,,,,,,,Rigby 1980,
Pandemonium,dis,,no,yes,Fleagle 1999,66.043,63.3,Fossilworks,277.04,estimate,1.925,2.575,,,,,,,,,,,,,,,Van Valen 1994,
Panobius,afridi,,no,,,48.6,40.4,Fossilworks,130,Fleagle 1999,,,,,,,,,,,,,,,,,,
Panobius,amplior,,no,,,48.6,40.4,Fossilworks,,,,,,,,,,,,,,,,,,,,
Panobius,russelli,,no,,,55.8,48.6,Fossilworks,,,,,,,,,,,,,,,,,,,,
Papio,izodi,,no,,,2.5,1.5,Fleagle 1999,,,,,,,,,,,,,,,,,,,,
Papio,quadratirostris,,no,,,2.5,1.5,Fleagle 1999,,,,,,,,,,,,,,,,,,,,
Papio,robinsoni,,no,,,2.5,1.5,Fleagle 1999,,,,,,,,,,,,,,,,,,,,
Papio,thoth,,no,,,,,,,,,,,,,,,,,,,,,,,,,
Paracolobus,chemeroni,,no,,,2.5,1.5,Fleagle 1999,35000,Fleagle 1999,,,,,,,,,,,,,,,,,,
Paracolobus,mutiwa,,no,,,2.5,1.5,Fleagle 1999,,,,,,,,,,,,,,,,,,,,
Paradolichopithecus,arvernensis,,no,,,,,,23000,Fleagle 1999,,,,,,,,,,,,,,,,,,
Paradolichopithecus,sushkini,,no,,,,,,35000,Fleagle 1999,,,,,,,,,,,,,,,,,,
Paraloris,bavaricus,,no,,,37.2,33.9,Fossilworks,,,,,,,,,,,,,,,,,,,,
Paralouatta,marianae,,no,,,23.03,15.97,Fossilworks,,,,,,,,,,,,,,,,,,,,
Paralouatta,varonai,,no,,,2.588,0.0117,Fleagle 1999,,,,,,,,,,,,,,,,,,,,
Parapapio,ado,,no,,,,,,17000,Fleagle 1999,,,,,,,,,,,,,,,,,,
Parapapio,antiquus,,no,,,2.5,1.5,Williams et al. 2007,,,,,,,,,,,,,,,,,,,,
Parapapio,broomi,,no,,,11.608,0.781,Fleagle 1999,23000,Fleagle 1999,,,,,,,,,,,,,,,,,,
Parapapio,jonesi,,no,,,11.608,0.781,Fleagle 1999,19000,Fleagle 1999,,,,,,,,,,,,,,,,,,
Parapapio,whitei,,no,,,2.5,1.5,Williams et al. 2007,30000,Fleagle 1999,,,,,,,,,,,,,,,,,,
Parapithecus,fraasi,,no,,,33.9,28.4,Fossilworks,1700,Fleagle 1999,,,,,,,,,,,,,,,,,,
Parapithecus,grangeri,,no,,,33.9,28.4,Fossilworks,3000,Fleagle 1999,,,,,,,,,,,,,,,,,,
Paromomys,alticuspis,,no,,,,,,,,,,,,,,,,,,,,,,,,,
Paromomys,depressidens,,no,yes,Fleagle 1999,61.7,56.8,Fossilworks,144.956,estimate,1.6,2.1,,,,,,,,,,,,,,,Gazin 1971 Simpson 1937 Winterfeld 1982,
Paromomys,maturus,,no,yes,Fleagle 1999,61.7,56.8,Fossilworks,446.337,estimate,2.2,3,,,,,,,,,,,,,,,Gazin 1968 Hunter et al. 1997 Simpson 1937,
Parvocristes,oligocollis,,no,,,48.6,40.4,Fossilworks,,,,,,,,,,,,,,,,,,,,
Patasola,magdalenae,,no,,,13.8,11.8,Fossilworks,1000,Fleagle 1999,,,,,,,,,,,,,,,,,,yes
Paukkaungia,parva,,no,,,40.4,37.2,Fossilworks,,,,,,,,,,,,,,,,,,,,
Pelycodus,danielsae,,no,,,55.8,50.3,Fossilworks,6300,Fleagle 1999,,,,,,,,,,,,,,,,,,
Pelycodus,eppsi,,no,,,,,,,,,,,,,,,,,,,,,,,,,
Pelycodus,jarrovii,,no,,,55.8,50.3,Fossilworks,4567.609,estimate,4.8,5.6,6.5,5.5,5.3,5.75,7.2,5.5,4.5,6.8,6.5,5,,,,,Gingerich and Haskin 1981 Gunnell 1995 Kihm 1992,
Pelycodus,relictus,,no,,,,,,,,,,,,,,,,,,,,,,,,,
Pelycodus,savagei,,no,,,,,,,,,,,,,,,,,,,,,,,,,
Periconodon,helleri,,no,,,,,,,,,,,,,,,,,,,,,,,,,
Periconodon,helveticus,,no,,,40.4,37.2,Fossilworks,250,Fleagle 1999,,,,,,,,,,,,,,,,,,
Periconodon,huerzeleri,,no,,,48.6,40.4,Fossilworks,570,Fleagle 1999,,,,,,,,,,,,,,,,,,
Periconodon,jaegeri,,no,,,,,,920,Fleagle 1999,,,,,,,,,,,,,,,,,,
Periconodon,lemoinei,,no,,,55.8,48.6,Fossilworks,,,,,,,,,,,,,,,,,,,,
Periconodon,roselli,,no,,,,,,650,Fleagle 1999,,,,,,,,,,,,,,,,,,
Phenacolemur,fortior,,no,,,55.8,50.3,Fossilworks,,,,,,,,,,,,,,,,,,,,
Phenacolemur,leonardi,,no,,,,,,,,,,,,,,,,,,,,,,,,,
Phenacolemur,mcgrewi,,no,,,46.2,37.2,Fossilworks,166.394,estimate,1.825,2,,,,,,,,,,,,,,,Krishtalka 1978,
Phenacolemur,praecox,,no,yes,Fleagle 1999,55.8,50.3,Fossilworks,362.391,estimate,2.24,2.6,,,,,,,,,,,,,,,Alroy 2000,
Phenacolemur,shifrae,,no,,,46.2,40.4,Fossilworks,,,,,,,,,,,,,,,,,,,,
Phenacolemur,simonsi,,no,yes,Fleagle 1999,55.8,50.3,Fossilworks,101.896,estimate,1.3,1.75,2.2,1.75,1.4,1.75,2,1.65,,,,,1.15,1.77,2,1.75,Bown and Rose 1976,
Phenacopithecus,krishtalkai,,no,,,48.6,37.2,Fossilworks,,,,,,,,,,,,,,,,,,,,
Phenacopithecus,xueshii,,no,,,48.6,37.2,Fossilworks,,,,,,,,,,,,,,,,,,,,
Phileosimias,brahuiorum,,no,,,33.9,28.4,Fossilworks,,,,,,,,,,,,,,,,,,,,
Phileosimias,kamali,,no,,,33.9,28.4,Fossilworks,,,,,,,,,,,,,,,,,,,,
Phoxomylus,puncticuspis,,no,,,61.7,56.8,Fossilworks,1276.034,estimate,,,4.8,3.7,,,,,,,,,,,,,Fox 2011,
Picrodus,calgariensis,,no,,,63.3,61.7,Fossilworks,61.434,estimate,1.47,2.4,2.6,2.55,1.1,1.7,1.9,1.25,,,1.5,1.1,0.6,0.8,1.05,1.2,Hartman 1986 Scott 2003 Scott and Fox 2005,
Picrodus,canpacius,,no,,,61.7,56.8,Fossilworks,50.989,estimate,1.1,2.6,2.6,2.4,,,1.55,1.2,1,1.3,1.3,1.1,0.55,0.85,0.98,1.1,Gingerich et al. 1983 McGrew and Patterson 1962 Scott and Fox 2005,
Picrodus,lepidus,,no,,,61.7,56.8,Fossilworks,48.114,estimate,0.95,2.2,2.47,2.27,0.9,1.57,1.5,1.35,0.9,1.4,,,0.6,0.9,0.9,1.35,Scott and Fox 2005,
Picrodus,silberlingi,,no,yes,Fleagle 1999,61.7,56.8,Fossilworks,136.428,estimate,1.2,2.7,,,,,,,,,,,,,,,Simpson 1937,
Picromomys,petersonorum,,no,yes,Fleagle 1999,55.8,50.3,Fossilworks,13.972,estimate,0.75,1.1,,,,,,,,,,,,,,,Rose and Bown 1996,
Pierolapithecus,catalaunicus,,no,,,12.75,11.1,Fossilworks,,,,,,,,,,,,,,,,,,,,
Platodontopithecus,jianghuaiensis,,no,,,20.43,15.97,Fossilworks,,,,,,,,,,,,,,,,,,,,
Platychoerops,antiquus,,no,,,58.7,55.8,Fossilworks,,,,,,,,,,,,,,,,,,,,
Platychoerops,daubrei,,no,yes,Fleagle 1999,55.8,48.6,Fossilworks,1887,Fleagle 1999,,,,,,,,,,,,,,,,,,
Platychoerops,georgei,,no,,,55.8,48.6,Fossilworks,,,,,,,,,,,,,,,,,,,,
Platychoerops,richardsoni,,no,yes,Fleagle 1999,55.8,48.6,Fossilworks,,,,,,,,,,,,,,,,,,,,
Platychoerops,russelli,,no,,,,,,,,,,,,,,,,,,,,,,,,,
Platydontopithecus,janghuaiensis,,no,,,23.03,15.97,Fleagle 1999,15000,Fleagle 1999,,,,,,,,,,,,,,,,,,
Plesiadapis,anceps,,no,yes,Fleagle 1999,61.7,56.8,Fossilworks,630.404,estimate,2.8,2.9,,,,,,,,,,,,,,,Gingerich 1975 Simpson 1936,
Plesiadapis,chevillionii,,no,,,,,,,,,,,,,,,,,,,,,,,,,
Plesiadapis,churchilli,,no,yes,Fleagle 1999,58.7,56.8,Fossilworks,1363.417,estimate,3.05,3.42,4.8,3.39,3.47,3.64,5.4,3.6,3.2,5.2,5,3.47,,,,,Gingerich 1975 Gingerich 1976 Krause 1978 Krishtalka et al. 1975 Winterfeld 1982,
Plesiadapis,cookei,,no,yes,Fleagle 1999,56.8,55.8,Fossilworks,5518.113,estimate,4.9,5.2,7.13,5.54,5.41,5.63,7.98,5.66,5.25,9.05,7.78,5.15,,,,,Alroy 2000 Rose 1981,
Plesiadapis,dubius,,no,yes,Fleagle 1999,55.8,50.3,Fossilworks,903.991,estimate,2.6,2.9,4.24,3.07,2.86,3.09,4.66,3.23,2.9,4.81,4.43,3.07,,,,,Alroy 2000 Gazin 1942 Gingerich 1975 Gingerich 1976,
Plesiadapis,fodinatus,,no,yes,Fleagle 1999,56.8,55.8,Fossilworks,1194.473,estimate,2.92,3.2,4.58,3.24,3.25,3.43,5.12,3.46,3.23,5.17,4.81,3.34,,,,,Gingerich 1975 Gingerich 1976 Winterfeld 1982,
Plesiadapis,gingerichi,,no,yes,Fleagle 1999,56.8,55.8,Fossilworks,3588.779,estimate,4.18,4.65,6.05,4.65,4.475,5,7,5.2,4.6,7.4,6.8,4.85,,,,,Alroy 2000,
Plesiadapis,insignis,,no,,,58.7,55.8,Fossilworks,,,,,,,,,,,,,,,,,,,,
Plesiadapis,orsmaelensis,,no,,,,,,,,,,,,,,,,,,,,,,,,,
Plesiadapis,praecursor,,no,yes,Fleagle 1999,61.7,56.8,Fossilworks,435.14,estimate,2.5,2.6,,,,,,,,,,,,,,,Gingerich 1975 Gingerich 1976 Hartman 1986,
Plesiadapis,recticuspidens,,no,,,,,,,,,,,,,,,,,,,,,,,,,
Plesiadapis,remensis,,no,yes,Fleagle 1999,55.8,48.6,Fossilworks,759,Fleagle 1999,,,,,,,,,,,,,,,,,,
Plesiadapis,rex,,no,yes,Fleagle 1999,61.7,56.8,Fossilworks,1117.371,estimate,3,3.1,4.66,3.11,3.35,3.33,5.19,3.29,3.13,4.95,4.33,3.25,,,,,Gingerich 1975 Gingerich 1976 Simpson 1937,
Plesiadapis,russelli,,no,yes,Fleagle 1999,55.8,48.6,Fossilworks,,,,,,,,,,,,,,,,,,,,
Plesiadapis,simonsi,,no,yes,Fleagle 1999,61.7,56.8,Fossilworks,1870.66,estimate,3.9,4,,,,,,,,,,,,,,,Gingerich 1975,
Plesiadapis,tricuspidens,,no,yes,Fleagle 1999,58.7,55.8,Fossilworks,1278,Fleagle 1999,,,,,,,,,,,,,,,,,,
Plesiadapis,walbeckensis,,no,yes,Fleagle 1999,61.7,58.7,Fossilworks,389,Fleagle 1999,,,,,,,,,,,,,,,,,,
Plesiolestes,nacimienti,,no,,,63.3,61.7,Fossilworks,,,,,,,,,,,,,,,,,,,,
Plesiolestes,problematicus,,no,yes,Fleagle 1999,61.7,56.8,Fossilworks,294.461,estimate,1.7,2.4,3.32,2.45,1.85,2.49,3.69,2.37,,,,,1.38,2.25,2.5,2.3,Gingerich et al. 1983 Gunnell 1989 Rigby 1980,
Plesiopithecus,teras,,no,,,33.9,28.4,Fossilworks,,,,,,,,,,,,,,,,,,,,
Plesiopliopithecus,auscitanensis,,no,,,15.97,11.608,Fleagle 1999,5000,Fleagle 1999,,,,,,,,,,,,,,,,,,
Plesiopliopithecus,lockeri,,no,,,15.97,11.608,Fleagle 1999,5000,Fleagle 1999,,,,,,,,,,,,,,,,,,
Plesiopliopithecus,rhodanica,,no,,,15.97,11.608,Fleagle 1999,,,,,,,,,,,,,,,,,,,,
Pliopithecus,antiquus,,no,,,13.65,11.608,Fossilworks,9700,Fleagle 1999,,,,,,,,,,,,,,,,,,
Pliopithecus,platyodon,,no,,,,,,,,,,,,,,,,,,,,,,,,,
Pliopithecus,posthumus,,no,,,,,,,,,,,,,,,,,,,,,,,,,
Pliopithecus,priensis,,no,,,,,,,,,,,,,,,,,,,,,,,,,
Pliopithecus,vindobonensis,,no,,,13.65,12.75,Fossilworks,7000,Fleagle 1999,,,,,,,,,,,,,,,,,,
Pliopithecus,zhanxiangi,,no,,,13.65,11.608,Fossilworks,15000,Fleagle 1999,,,,,,,,,,,,,,,,,,
Pondaungia,cotteri,amphipithecus mogaungensis,no,,,47.8/40.4,38/37.2,Shigehara et. al. 2002/Fossilworks,7000/8600,Fleagle 1999,,,,,,,,,,,,,,,,,,
Pondaungia,minuta,,no,,,40.4,33.9,Fossilworks,,,,,,,,,,,,,,,,,,,,
Pongo,hooijeri,,no,,,,,,,,,,,,,,,,,,,,,,,,,
Postpithecus,curvicrista,,no,,,,,,,,,,,,,,,,,,,,,,,,,
Postpithecus,reflexus,,no,,,,,,,,,,,,,,,,,,,,,,,,,
Praeanthropus,tugenensis,,no,,,,,,,,,,,,,,,,,,,,,,,,,
Premnoides,douglassi,,no,yes,Fleagle 1999,63.3,61.7,Fossilworks,104.926,estimate,1.35,2.05,,,,,,,,,,,,,,,Gunnell 1989,
Presbytis,aygula,,no,,,,,,,,,,,,,,,,,,,,,,,,,
Proconsul,(xenopithecus),,no,,,,,,,,,,,,,,,,,,,,,,,,,
Proconsul,africanus,,no,,,20.43,11.608,Fossilworks,27400,Fleagle 1999,,,,,,,,,,,,,,,,,,
Proconsul,gitongai,,no,,,,,,,,,,,,,,,,,,,,,,,,,
Proconsul,heseloni,,no,,,20.43,15.97,Fossilworks,17000,Fleagle 1999,,,,,,,,,,,,,,,,,,
Proconsul,major,,no,,,15.97,13.65,Fossilworks,50000,Fleagle 1999,,,,,,,,,,,,,,,,,,
Proconsul,meswae,,no,,,28.4,23.03,Fossilworks,,,,,,,,,,,,,,,,,,,,
Proconsul,nyanzae,,no,,,13.65,11.608,Fossilworks,28000,Fleagle 1999,,,,,,,,,,,,,,,,,,
Procynocephalus,subhimalayensis,,no,,,5.333,2.58,Fleagle 1999,23000,Fleagle 1999,,,,,,,,,,,,,,,,,,
Procynocephalus,wimani,,no,,,5.333,2.58,Fleagle 1999,22000,Fleagle 1999,,,,,,,,,,,,,,,,,,
Progalago,dorae,,no,,,23.03,5.332,Fleagle 1999,1200,Fleagle 1999,,,,,,,,,,,,,,,,,,
Progalago,songhorensis,,no,,,23.03,5.332,Fleagle 1999,800,Fleagle 1999,,,,,,,,,,,,,,,,,,
Prohylobates,simonsi,,no,,,23.03,5.332,Fleagle 1999,25000,Fleagle 1999,,,,,,,,,,,,,,,,,,
Prohylobates,tandyi,,no,,,16.9,15.97,Fossilworks,7000,Fleagle 1999,,,,,,,,,,,,,,,,,,
Pronothodectes,gaoi,,no,yes,,61.7,56.8,Fossilworks,557.188,estimate,2.6,2.9,,,,,,,,,,,,,,,Fox 1990,
Pronothodectes,jepi,,no,yes,,63.3,61.7,Fossilworks,475.96,estimate,2.22,2.35,4.03,2.45,2.58,2.47,4.17,2.42,2.33,3.6,3.2,2.3,,,,,Gingerich 1975 Gingerich 1976 Winterfeld 1982,
Pronothodectes,matthewi,,no,yes,,63.3,61.7,Fossilworks,331.89,estimate,2.02,2.12,3.37,2.17,2.3,2.21,3.5,2.2,2.1,3.19,3,2.1,,,,,Alroy 2000 Gingerich 1975 Gingerich 1976,
Pronycticebus,gaudryi,,no,,,38,33.9,Fleagle 1999,1100,Fleagle 1999,,,,,,,,,,,,,,,,,,
Pronycticebus,neglectus,,no,,,,,,825,Fleagle 1999,,,,,,,,,,,,,,,,,,
Propithecia,neuquenensis,,no,,,15.97,11.608,Fossilworks,1600,Fleagle 1999,,,,,,,,,,,,,,,,,,yes
Propliopithecus,ankeli,,no,,,33.9,28.4,Fossilworks,5700,Fleagle 1999,,,,,,,,,,,,,,,,,,
Propliopithecus,chirobates,,no,,,33.9,28.4,Fossilworks,4200,Fleagle 1999,,,,,,,,,,,,,,,,,,
Propliopithecus,haeckeli,,no,,,33.9,28.4,Fossilworks,4000,Fleagle 1999,,,,,,,,,,,,,,,,,,
Propliopithecus,markgrafi,,no,,,,,,4000,Fleagle 1999,,,,,,,,,,,,,,,,,,
Proteopithecus,sylviae,,no,,,33.9,28.4,Fossilworks,500,Fleagle 1999,,,,,,,,,,,,,,,,,,
Protoadapis,angustidens,,no,,,56,38,Fleagle 1999,,,,,,,,,,,,,,,,,,,,
Protoadapis,crassicuspidens,,no,,,,,,,,,,,,,,,,,,,,,,,,,
Protoadapis,curvicuspidens,,no,,,56,38,Fleagle 1999,2500,Fleagle 1999,,,,,,,,,,,,,,,,,,
Protoadapis,filholi,,no,,,,,,870,Fleagle 1999,,,,,,,,,,,,,,,,,,
Protoadapis,ignoratus,,no,,,56,38,Fleagle 1999,1860,Fleagle 1999,,,,,,,,,,,,,,,,,,
Protoadapis,lemoinei,,no,,,,,,,,,,,,,,,,,,,,,,,,,
Protoadapis,louisi,,no,,,,,,1100,Fleagle 1999,,,,,,,,,,,,,,,,,,
Protoadapis,muechelnensis,,no,,,56,38,Fleagle 1999,1800,Fleagle 1999,,,,,,,,,,,,,,,,,,
Protoadapis,recticuspidens,,no,,,56,38,Fleagle 1999,1600,Fleagle 1999,,,,,,,,,,,,,,,,,,
Protoadapis,russelli,,no,,,,,,700,Fleagle 1999,,,,,,,,,,,,,,,,,,
Protoadapis,ulmensis,,no,,,,,,1400,Fleagle 1999,,,,,,,,,,,,,,,,,,
Protoadapis,weigelti,,no,,,,,,3000,Fleagle 1999,,,,,,,,,,,,,,,,,,
Protopithecus,bonaeriensis,,no,,,,,,,,,,,,,,,,,,,,,,,,,
Protopithecus,brasiliensis,,no,,,0.126,0.012,Fossilworks,23500,Fleagle 1999,,,,,,,,,,,,,,,,,,yes
Pseudoloris,crusafonti,,no,,,40.4,37.2,Fossilworks,75,Fleagle 1999,,,,,,,,,,,,,,,,,,
Pseudoloris,cuestai,,no,,,48.6,33.9,Fossilworks,,,,,,,,,,,,,,,,,,,,
Pseudoloris,godinoti,,no,,,33.9,28.4,Fossilworks,,,,,,,,,,,,,,,,,,,,
Pseudoloris,isabenae,,no,,,48.6,40.4,Fossilworks,50,Fleagle 1999,,,,,,,,,,,,,,,,,,
Pseudoloris,parvulus,,no,,,37.2,33.9,Fossilworks,45,Fleagle 1999,,,,,,,,,,,,,,,,,,
Pseudoloris,pyrenaicus,,no,,,48.6,37.2,Fossilworks,,,,,,,,,,,,,,,,,,,,
Pseudoloris,reguanti,,no,,,37.2,33.9,Fossilworks,120,Fleagle 1999,,,,,,,,,,,,,,,,,,
Pseudoloris,saalae,,no,,,,,,60,Fleagle 1999,,,,,,,,,,,,,,,,,,
Pulverflumen,magnificum,,no,yes,Fleagle 1999,55.8,50.3,Fossilworks,619,Fleagle 1999,,,,,,,,,,,,,,,,,,
Purgatorius,ceratops,,no,,,66,63,Wikipedia,,,,,,,,,,,,,,,,,,,,
Purgatorius,coracis,,no,,,66.043,63.3,Fossilworks,,,,,,,,,,,,,,,,,,,,
Purgatorius,janisae,,no,yes,Fleagle 1999,66.043,63.3,Fossilworks,,,,,,,,,,,,,,,,,,,,
Purgatorius,titusi,,no,yes,Fleagle 1999,66.043,63.3,Fossilworks,62,Fleagle 1999,,,,,,,,,,,,,,,,,,
Purgatorius,unio,,no,yes,Fleagle 1999,66.043,63.3,Fossilworks,130.18,estimate,1.5,2.1,,,,,,,,,,,,,,,Van Valen 1994,
Qatrania,basiodontos,,no,,,33.9,28.4,Fossilworks,,,,,,,,,,,,,,,,,,,,
Qatrania,fleaglei,,no,,,33.9,28.4,Fossilworks,600,Fleagle 1999,,,,,,,,,,,,,,,,,,
Qatrania,wingi,,no,,,33.9,28.4,Fossilworks,300,Fleagle 1999,,,,,,,,,,,,,,,,,,
Rangwapithecus,gordoni,,no,,,23.03,15.97,Fleagle 1999,15000,Fleagle 1999,,,,,,,,,,,,,,,,,,
Rencunius,zhoui,,no,,,37.2,33.9,Fossilworks,700,Fleagle 1999,,,,,,,,,,,,,,,,,,
Rhinocolobus,turkanensis,,no,,,2.5,1.5,Fleagle 1999,21000,Fleagle 1999,,,,,,,,,,,,,,,,,,
Rhinopithecus,lantainensis,,no,,,,,,15000,Fleagle 1999,,,,,,,,,,,,,,,,,,
Rooneyia,viejaensis,,no,,,40.4,37.2,Fossilworks,1475,Fleagle 1999,,,,,,,,,,,,,,,,,,
Saadanius,hijazensis,,no,,,33.9,23.03,Fossilworks,,,,,,,,,,,,,,,,,,,,
Saharagalago,misrensis,,no,,,37.2,33.9,Fossilworks,,,,,,,,,,,,,,,,,,,,
Sahelanthropus,tchadensis,,no,,,7.246,5.332,Fossilworks,,,,,,,,,,,,,,,,,,,,
Samburupithecus,kiptalami,,no,,,11.608,5.332,Fossilworks,60000,Fleagle 1999,,,,,,,,,,,,,,,,,,
Sarnacius,gingerichi,,no,,,58.7,55.8,Fossilworks,,,,,,,,,,,,,,,,,,,,
Saxonella,crepaturae,,no,yes,Fleagle 1999,61.7,58.7,Fossilworks,88,Fleagle 1999,,,,,,,,,,,,,,,,,,
Saxonella,naylori,,no,yes,Fleagle 1999,61.7,56.8,Fossilworks,112.575,estimate,1.4,1.7,2.3,1.7,,,,,,,,,1.4,1.45,2.35,1.5,Alroy 2000 Fox 1991,
Semnopithecus,sivalensis,,no,,,,,,8000,Fleagle 1999,,,,,,,,,,,,,,,,,,
Serapia,eocaena,,no,,,33.9,28.4,Fossilworks,1000,Fleagle 1999,,,,,,,,,,,,,,,,,,
Shizarodon,dhofarensis,,no,,,33.9,28.4,Fossilworks,200,Fleagle 1999,,,,,,,,,,,,,,,,,,
Shoshonius,bowni,,no,,,50.3,46.2,Fossilworks,239.572,estimate,1.75,2.25,3,2.17,,,3.37,2.05,,,2.87,1.9,,,,,Honey 1990,
Shoshonius,cooperi,,no,,,50.3,46.2,Fossilworks,170.896,estimate,1.657,2.05,2.725,1.925,,,3.125,1.675,,,2.673,1.75,,,,,Szalay 1976,
Siamopithecus,eocaenus,,no,,,37.2,33.9,Fossilworks,6800,Fleagle 1999,,,,,,,,,,,,,,,,,,
Simiolus,enjiesi,,no,,,20.43,15.97,Fossilworks,7000,Fleagle 1999,,,,,,,,,,,,,,,,,,
Simiolus,leakeyorum,,no,,,23.02,11.608,Fleagle 1999,,,,,,,,,,,,,,,,,,,,
Simpsonlemur,citatus,,no,yes,Fleagle 1999,55.8,50.3,Fossilworks,171,Fleagle 1999,,,,,,,,,,,,,,,,,,
Simpsonlemur,jepseni,,no,,,55.8,50.3,Fossilworks,,,,,,,,,,,,,,,,,,,,
Sinoadapis,carnosus,,no,,,8.7,5.332,Fossilworks,,,,,,,,,,,,,,,,,,,,
Sivaladapis,nagrii,,no,,,11.608,5.332,Fleagle 1999,2700,Fleagle 1999,,,,,,,,,,,,,,,,,,
Sivaladapis,palaeindicus,,no,,,13.65,11.1,Fossilworks,4450,Fleagle 1999,,,,,,,,,,,,,,,,,,
Sivapithecus,indicus,,no,,,11.608,11.1,Fossilworks,75000,Fleagle 1999,,,,,,,,,,,,,,,,,,
Sivapithecus,meteai,,no,,,,,,82000,Fleagle 1999,,,,,,,,,,,,,,,,,,
Sivapithecus,parvada,,no,,,,,,90000,Fleagle 1999,,,,,,,,,,,,,,,,,,
Sivapithecus,punjabicus,,no,,,15.97,11.608,Fossilworks,40000,Fleagle 1999,,,,,,,,,,,,,,,,,,
Sivapithecus,sivalensis,,no,,,13.65,11.1,Fossilworks,,,,,,,,,,,,,,,,,,,,
Smilodectes,gingerichi,,no,,,,,,,,,,,,,,,,,,,,,,,,,
Smilodectes,mcgrewi,,no,,,50.3,46.2,Fossilworks,2765.392,estimate,3.7,4.8,5.7,4.7,4.1,5,6.3,4.9,3.9,6,5.3,4.2,3.3,4,5.1,3.7,Gingerich 1979 Gunnell 1995 Gunnell 1998 McGrew and Sullivan 1971,
Smilodectes,sororis,,no,,,50.3,46.2,Fossilworks,1897.546,estimate,3.52,4.47,,,,,,,,,,,,,,,Gunnell 2002,
Solimoea,acrensis,,no,,,11.608,7.246,Fossilworks,,,,,,,,,,,,,,,,,,,,
Soriacebus,adrianae,,no,,,23.03,15.97,Fossilworks,600,Fleagle 1999,,,,,,,,,,,,,,,,,,yes
Soriacebus,ameghinorum,,no,,,23.03,15.97,Fossilworks,2000,Fleagle 1999,,,,,,,,,,,,,,,,,,yes
Sphacorhysis,burntforkensis,,no,,,50.3,46.2,Fossilworks,110.19,estimate,1.5,1.9,,,,,,,,,,,,,,,Gunnell 1995,
Steinius,annectens,,no,,,55.8,50.3,Fossilworks,505.864,estimate,2.25,2.9,,,2.45,2.8,,,,,,,1.95,2.6,,,Bown and Rose 1991,
Steinius,vespertinus,,no,,,55.8,50.3,Fossilworks,262.472,estimate,1.9,2.45,3.22,2.18,1.89,2.24,3.55,2,,,,,,,2.833,2,Bown and Rose 1984 Bown and Rose 1987 Bown and Rose 1991,
Stirtonia,tatacoensis,,no,,,,,,9708.088,estimate,,5.8,,,,6.5,,,,,,,,,,,Stirton 1951,yes
Stirtonia,victoriae,,no,,,13.8,11.8,Fossilworks,10000,Fleagle 1999,,,,,,,,,,,,,,,,,,yes
Stockia,powayensis,,no,,,46.2,40.4,Fossilworks,368.21,estimate,2.1,2.8,,,,,,,,,,,,,,,Gazin 1958 Lillegraven 1980,
Strigorhysis,bridgerensis,,no,,,50.3,46.2,Fossilworks,372.122,estimate,1.95,2.233,3.4,2.3,2.35,2.55,4,2.1,,,,,2.25,2.2,3,2.4,Bown and Rose 1987,
Strigorhysis,huerfanensis,,no,,,50.3,46.2,Fossilworks,409.786,estimate,2.2,2.85,,,,,,,,,,,,,,,Bown and Rose 1987,
Strigorhysis,rugosus,,no,,,50.3,46.2,Fossilworks,320,Fleagle 1999,,,,,,,,,,,,,,,,,,
Subengius,mengi,,no,,,58.7,55.8,Fossilworks,,,,,,,,,,,,,,,,,,,,
Sulaimania,arifi,,no,,,55.8,48.6,Fossilworks,,,,,,,,,,,,,,,,,,,,
Talahpithecus,parvus,,no,,,37.2,28.4,Fossilworks,,,,,,,,,,,,,,,,,,,,
Tarka,stylifera,,no,,,46.2,40.4,Fossilworks,6902.839,estimate,5.6,6.1,,,,,,,,,,,,,,,McKenna 1990,
Tarkadectes,montanensis,,no,,,33.9,28.1,Bown et al. 1990,931.85,estimate,,3,,,,3.05,,,,,,,2.6,2.4,,,Bown et al. 1990,
Tarkops,mckennai,,no,,,48.6,37.2,Fossilworks,,,,,,,,,,,,,,,,,,,,
Tarsius,eocaenus,,no,,,48.6,37.2,Fossilworks,50,Fleagle 1999,,,,,,,,,,,,,,,,,,
Tarsius,sirindhornae,,no,,,15.97,11.608,Chaimanee et al. 2010,,,,,,,,,,,,,,,,,,,,
Tarsius,thailandica,,no,,,15.97,11.608,Ginsburg and Mein 1987,,,,,,,,,,,,,,,,,,,,
Tatmanius,szalayi,,no,,,55.8,50.3,Fossilworks,135.273,estimate,1.6,1.9,,,,,,,,,,,1.35,1.5,,,Bown and Rose 1991,
Teilhardina,americana,,no,,,55.8,50.3,Fossilworks,157.426,estimate,1.61,1.96,2.925,1.892,1.68,1.91,3.086,1.8,,,,,1.39,1.6,2.35,1.575,Bown and Rose 1987,
Teilhardina,asiatica,,no,,,55.8,48.6,Fossilworks,,,,,,,,,,,,,,,,,,,,
Teilhardina,belgica,,no,,,55.8,48.6,Fossilworks,90,Fleagle 1999,,,,,,,,,,,,,,,,,,
Teilhardina,brandti,,no,,,55.8,50.3,Fossilworks,139.105,estimate,,,,,1.58,1.87,,,,,,,,,,,Gingerich 1993,
Teilhardina,crassidens,,no,,,55.8,50.3,Fossilworks,138.049,estimate,1.64,1.84,2.63,1.72,1.69,1.79,2.867,1.633,,,,,1.48,1.54,2.388,1.55,Bown and Rose 1987,
Teilhardina,demissa,,no,,,55.8,50.3,Fossilworks,110.19,estimate,1.5,1.9,,,,,,,,,,,,,,,Rose 1995,
Teilhardina,gingerichi,,no,,,55.8,48.6,Fossilworks,,,,,,,,,,,,,,,,,,,,
Teilhardina,magnoliana,,no,,,55.8,50.3,Fossilworks,,,,,,,,,,,,,,,,,,,,
Teilhardina,tenuicula,,no,,,55.8,50.3,Fossilworks,104.856,estimate,1.45,1.7,2.4,1.7,,,2.85,1.65,,,,,1.3,1.4,2,1.4,Bown and Rose 1987 Szalay 1976,
Tetonius,ambiguus,pseudotetonius,no,,,55.8,50.3,Fossilworks,282.692,estimate,2.03,2.18,3.26,2.12,2.05,2.09,3.48,1.92,,,,,2.02,2.08,3.036,1.979,Bown and Rose 1987 Bown and Rose 1991,
Tetonius,homunculus,paratetonius,no,,,,,,321.035,estimate,,,3.575,2.2,,,3.8,2,,,,,,,3.1,2,Bown and Rose 1987,
Tetonius,matthewi,paratetonius,no,,,55.8,50.3,Fossilworks,259.593,estimate,2.1,2.27,,,,,,,,,,,,,,,Bown and Rose 1987,
Tetonius,mckennai,paratetonius,no,,,55.8,50.3,Fossilworks,146.282,estimate,1.64,2.06,,,,,,,,,,,,,,,Bown and Rose 1987,
Theropithecus,delsoni,,no,,,,,,,,,,,,,,,,,,,,,,,,,
Theropithecus,oswaldi,,no,,,0.126,1.806,Fossilworks,96000,Fleagle 1999,,,,,,,,,,,,,,,,,,
Tinimomys,graybulliensis,,no,yes,Fleagle 1999,55.8,50.3,Fossilworks,38.967,estimate,0.99,1.13,1.69,1.06,1.39,1.02,1.66,1.01,,,,,1.18,1.37,1.67,1.34,Beard and Houde 1989 Bown and Rose 1976 Robinson 1994 Rose and Bown 1982,
Tinimomys,loomisi,,no,yes,Fleagle 1999,55.8,50.3,Fossilworks,22.372,estimate,0.96,1.14,,,,,,,,,,,,,,,Robinson 1994,
Tinimomys,tribos,,no,,,56.8,55.8,Fossilworks,,,,,,,,,,,,,,,,,,,,
Toliapina,lawsoni,,no,,,55.8,48.6,Fossilworks,,,,,,,,,,,,,,,,,,,,
Toliapina,vinealis,,no,,,,,,,,,,,,,,,,,,,,,,,,,
Torrejonia,sirokyi,,no,,,61.7,56.8,Fossilworks,679.156,estimate,2.81,3.72,,,,,,,,,,,,,1.9,3.3,Gazin 1969 Gunnell 1989 Szalay 1973,
Torrejonia,wilsoni,,no,,,63.3,61.7,Fossilworks,811.61,estimate,2.7,3.5,,,,,,,,,,,,,,,Gazin 1968 Wood et al. 1979,
Tremacebus,harringtoni,,no,,,,,,1800,Fleagle 1999,,,,,,,,,,,,,,,,,,yes
Trogolemur,amplior,,no,,,50.3,46.2,Fossilworks,160.361,estimate,1.7,2.1,,,,,,,,,,,,,,,Alroy 2000 Gunnell 1995,
Trogolemur,fragilis,,no,,,50.3,46.2,Fossilworks,,,,,,,,,,,,,,,,,,,,
Trogolemur,myodes,,no,,,50.3,40.4,Fossilworks,93.686,estimate,1.4,1.74,2.3,1.64,1.47,1.69,2.47,1.55,,,,,1.28,1.35,2,1.3,Bown and Rose 1991 Emry 1990 Gunnell 1995,
Turkanapithecus,kalakolensis,,no,,,20.43,13.65,Fossilworks,10000,Fleagle 1999,,,,,,,,,,,,,,,,,,
Udabnopithecus,garedziensis,,no,,,8.7,7.75,Fossilworks,,,,,,,,,,,,,,,,,,,,
Uintanius,ameghini,,no,,,50.3,46.2,Fossilworks,120.018,estimate,1.5,2,,,,,,,,,,,,,,,Gazin 1958 Gunnell 1995,
Uintanius,rutherfurdi,,no,,,50.3,46.2,Fossilworks,133.642,estimate,1.6,2,,,,,,,,,,,,,,,Gunnell 1995,
Uintasorex,montezumicus,,no,,,46.2,40.4,Fossilworks,7.206,estimate,0.63,0.88,,,,,,,,,,,,,,,Kelly and Whistler 1994,
Uintasorex,parvulus,,no,yes,Fleagle 1999,50.3,40.4,Fossilworks,14.769,estimate,0.9,1.1,1.16,1.01,,,1.16,0.97,,,0.9,0.81,,,,,Bown 1982 Gazin 1958 Robinson 1968 Szalay 1969,
Ultrapithecus,rusticulus,,no,,,,,,,,,,,,,,,,,,,,,,,,,
Ultrapithecus,rutilans,,no,,,,,,,,,,,,,,,,,,,,,,,,,
Ursolestes,perpetior,,no,,,66.043,63.3,Fossilworks,,,,,,,,,,,,,,,,,,,,
Utahia,carina,,no,,,50.3,46.2,Fossilworks,51.623,estimate,1.01,1.79,,,,,,,,,,,,,,,Muldoon and Gunnell 2002,
Utahia,kayi,,no,,,50.3,46.2,Fossilworks,100.085,estimate,1.47,1.83,,,,,,,,,,,,,,,Szalay 1976,
Vastanomys,gracilis,,no,,,55.8,48.6,Fossilworks,,,,,,,,,,,,,,,,,,,,
Vastanomys,major,,no,,,55.8,48.6,Fossilworks,,,,,,,,,,,,,,,,,,,,
Victoriapithecus,macinnesi,,no,,,23,13.65,Fleagle 1999,7000,Fleagle 1999,,,,,,,,,,,,,,,,,,
Wadilemur,elegans,,no,,,33.9,28.4,Fossilworks,,,,,,,,,,,,,,,,,,,,
Wailekia,orientale,,no,,,,,,2000,Fleagle 1999,,,,,,,,,,,,,,,,,,
Washakius,insignis,hemiacodon pygmaeus:shoshonius laurae:washakius laurae,no,,,50.3,46.2,Fossilworks,316.337,estimate,1.8,2.4,3,2.3,1.96,2.49,3.4,2.2,1.93,3.25,3.1,2,,,,,Alroy 2000 Covert and Williams 1991 Eaton 1982 Gazin 1958 Gunnell 1995 Gunnell et al. 1992 McGrew and Sullivan 1971 Muldoon and Gunnell 2002 Szalay 1976 West 1973,
Washakius,izetti,,no,,,50.3,46.2,Fossilworks,160.337,estimate,1.58,2.08,2.67,1.9,,,3.01,1.85,,,2.57,1.52,,,,,Honey 1990 Muldoon and Gunnell 2002,
Washakius,laurae,,no,,,,,,,,,,,,,,,,,,,,,,,,,
Washakius,woodringi,,no,,,46.2,40.4,Fossilworks,127.876,estimate,1.59,1.96,,,,,,,,,,,,,,,Lillegraven 1980,
Wyomomys,bridgeri,,no,,,50.3,46.2,Fossilworks,320,Fleagle 1999,,,,,,,,,,,,,,,,,,
Xanthorhysis,tabrumi,,no,,,47.8,38,Beard 1998,75,Fleagle 1999,,,,,,,,,,,,,,,,,,
Xenothrix,mcgregori,,no,,,,,,,,,,,,,,,,,,,,,,,,,
Yaquius,travisi,,no,,,46.2,40.4,Fossilworks,2020.782,estimate,3.8,4.3,,,,,,,,,,,,,,,Mason 1990,
Zanycteris,paleocenus,,no,yes,Fleagle 1999,61.7,56.8,Fossilworks,,,,,,,,,,,,,,,,,,,,
Allenopithecus,nigroviridis,,yes,,,,,,4655,Fleagle 1999,,,,,,,,,,,,,,,,,,
Allocebus,trichotis,,yes,,,,,,88,Fleagle 1999,,,,,,,,,,,,,,,,,,
Alouatta,belzebul,,yes,,,,,,6395,Fleagle 1999,,,,,,,,,,,,,,,,,,yes
Alouatta,caraya,,yes,,,,,,537.5,Fleagle 1999,,,,,,,,,,,,,,,,,,yes
Alouatta,fusca,guariba,yes,,,,,,5540,Fleagle 1999,,,,,,,,,,,,,,,,,,
Alouatta,palliata,,yes,,,,,,6250,Fleagle 1999,6.95,5.35,7,7.7,7.55,5.75,7.25,7.9,7.7,5.85,5.4,7.5,4.95,5.9,4.7,7.45,Swindler 2002,yes
Alouatta,pigra,,yes,,,,,,8915,Fleagle 1999,,,,,,,,,,,,,,,,,,yes
Alouatta,seniculus,,yes,,,,,,6250,Fleagle 1999/extant_mass.csv,7.4,5.25,7.3,7.65,7.8,5.7,7.75,8.1,8.6,5.8,6.05,7.4,5.4,5.45,5,7.15,Swindler 2002,yes
Alouatta,ululata,,yes,,,,,,,,,,,,,,,,,,,,,,,,,
Alouatta ,arctoidea,,yes,,,,,,6250,extant_mass.csv,,,,,,,,,,,,,,,,,,
Alouatta ,discolor,,yes,,,,,,6400,extant_mass.csv,,,,,,,,,,,,,,,,,,
Alouatta ,nigerrima,,yes,,,,,,6450,extant_mass.csv,,,,,,,,,,,,,,,,,,
Alouatta ,sara,,yes,,,,,,7500,extant_mass.csv,,,,,,,,,,,,,,,,,,
Aotus,azarae,,yes,,,,,,1205,Fleagle 1999,,,,,,,,,,,,,,,,,,yes
Aotus,griseimembra,,yes,,,,,,900,extant_mass.csv,,,,,,,,,,,,,,,,,,yes
Aotus,infulatus,,yes,,,,,,1215,Fleagle 1999,,,,,,,,,,,,,,,,,,
Aotus,lemurinus,brumbacki,yes,,,,,,896,Fleagle 1999,,,,,,,,,,,,,,,,,,yes
Aotus,miconax,,yes,,,,,,,,,,,,,,,,,,,,,,,,,yes
Aotus,nancymaae,,yes,,,,,,787,Fleagle 1999,,,,,,,,,,,,,,,,,,yes
Aotus,nigriceps,,yes,,,,,,957.5,Fleagle 1999,,,,,,,,,,,,,,,,,,yes
Aotus,trivirgatus,,yes,,,,,,774.5,Fleagle 1999,3.3,2.9,3.85,4.4,3.25,2.95,3.55,4.5,3,2.65,2.75,3.6,2.45,2.7,3,3.95,Swindler 2002,yes
Aotus,vociferans,,yes,,,,,,703,Fleagle 1999,,,,,,,,,,,,,,,,,,yes
Arctocebus,aureus,,yes,,,,,,210,Fleagle 1999,,,,,,,,,,,,,,,,,,
Arctocebus,calabarensis,,yes,,,,,,309,Fleagle 1999,,,,,,,,,,,,,,,,,,
Ateles,belzebuth,,yes,,,,,,7935,Fleagle 1999/extant_mass.csv,,,,,,,,,,,,,,,,,,yes
Ateles,fusciceps,,yes,,,,,,9025,Fleagle 1999,,,,,,,,,,,,,,,,,,yes
Ateles,geoffroyi,,yes,,,,,,7535,Fleagle 1999,5.25,5.05,5.1,5.6,5.1,5.15,4.85,5.7,4.85,4.65,3.95,5.3,3.65,4.6,3.55,5.7,Swindler 2002,yes
Ateles,hybridus,,yes,,,,,,9000,extant_mass.csv,,,,,,,,,,,,,,,,,,
Ateles,paniscus,,yes,,,,,,8775,Fleagle 1999,,,,,,,,,,,,,,,,,,yes
Ateles,rufiventris,,yes,,,,,,,,,,,,,,,,,,,,,,,,,
Ateles ,chamek,,yes,,,,,,6000,extant_mass.csv,,,,,,,,,,,,,,,,,,
Avahi,laniger,,yes,,,,,,1175,Fleagle 1999,,,,,,,,,,,,,,,,,,
Avahi,occidentalis,,yes,,,,,,795.5,Fleagle 1999,,,,,,,,,,,,,,,,,,
Avahi ,betsileo,,yes,,,,,,1100,extant_mass.csv,,,,,,,,,,,,,,,,,,
Avahi ,cleesei,,yes,,,,,,905,extant_mass.csv,,,,,,,,,,,,,,,,,,
Avahi ,meridionalis,,yes,,,,,,1050,extant_mass.csv,,,,,,,,,,,,,,,,,,
Avahi ,mooreorum,,yes,,,,,,920,extant_mass.csv,,,,,,,,,,,,,,,,,,
Avahi ,peyrierasi,,yes,,,,,,1050,extant_mass.csv,,,,,,,,,,,,,,,,,,
Avahi ,ramanantsoavanai,,yes,,,,,,950,extant_mass.csv,,,,,,,,,,,,,,,,,,
Avahi ,unicolor,,yes,,,,,,875,extant_mass.csv,,,,,,,,,,,,,,,,,,
Bahinia,pondaungensis,,yes,,,,,,,,,,,,,,,,,,,,,,,,,
Brachyteles,arachnoides,,yes,,,,,,8840,Fleagle 1999,7.2,5.4,6.9,7.8,7.1,5.5,6.4,7.6,6.2,5.5,5.4,6.4,4.4,5.3,4.7,5.5,Swindler 2002,yes
Brachyteles ,hypoxanthus,,yes,,,,,,8250,extant_mass.csv,,,,,,,,,,,,,,,,,,
Cacajao,calvus,,yes,,,5,0,Boubli and Ditchfield,3165,Fleagle 1999,,,,,,,,,,,,,,,,,,yes
Cacajao,melanocephalus,,yes,,,5,0,Boubli and Ditchfield,2935,Fleagle 1999,,,,,,,,,,,,,,,,,,yes
Cacajao,ouakary,,yes,,,,,,2350,extant_mass.csv,,,,,,,,,,,,,,,,,,
Callibella ,humilis,mico humilis,yes,,,,,,167.5,extant_mass.csv,,,,,,,,,,,,,,,,,,
Callicebus,berhardi,,yes,,,,,,950,extant_mass.csv,,,,,,,,,,,,,,,,,,
Callicebus,brunneus,,yes,,,,,,829.5,Fleagle 1999,,,,,,,,,,,,,,,,,,yes
Callicebus,caligatus,,yes,,,,,,880,Fleagle 1999,,,,,,,,,,,,,,,,,,yes
Callicebus,cupreus,,yes,,,,,,1120,Fleagle 1999/extant_mass.csv,,,,,,,,,,,,,,,,,,yes
Callicebus,donacophilus,,yes,,,,,,950,Fleagle 1999,,,,,,,,,,,,,,,,,,yes
Callicebus,hoffmanni,,yes,,,,,,1060,Fleagle 1999,,,,,,,,,,,,,,,,,,yes
Callicebus,modestus,,yes,,,,,,800,extant_mass.csv,,,,,,,,,,,,,,,,,,yes
Callicebus,moloch,,yes,,,,,,988,Fleagle 1999,,,,,,,,,,,,,,,,,,yes
Callicebus,oenanthe,,yes,,,,,,800,extant_mass.csv,,,,,,,,,,,,,,,,,,yes
Callicebus,olallae,,yes,,,,,,800,extant_mass.csv,,,,,,,,,,,,,,,,,,yes
Callicebus,personatus,,yes,,,,,,1350,Fleagle 1999/extant_mass.csv,,,,,,,,,,,,,,,,,,yes
Callicebus,torquatus,,yes,,,,,,1245,Fleagle 1999,,,,,,,,,,,,,,,,,,yes
Callicebus ,aureipalatii,,yes,,,,,,950,extant_mass.csv,,,,,,,,,,,,,,,,,,
Callicebus ,baptista,,yes,,,,,,1165,extant_mass.csv,,,,,,,,,,,,,,,,,,
Callicebus ,caquetensis,,yes,,,,,,,,,,,,,,,,,,,,,,,,,
Callicebus ,cinerascens,,yes,,,,,,845,extant_mass.csv,,,,,,,,,,,,,,,,,,
Callicebus ,coimbrai,,yes,,,,,,1165,extant_mass.csv,,,,,,,,,,,,,,,,,,
Callicebus ,discolor,,yes,,,,,,965,extant_mass.csv,,,,,,,,,,,,,,,,,,
Callicebus ,donacophilus,,yes,,,,,,,,,,,,,,,,,,,,,,,,,
Callicebus ,dubius,,yes,,,,,,800,extant_mass.csv,,,,,,,,,,,,,,,,,,
Callicebus ,lucifer,,yes,,,,,,1500,extant_mass.csv,,,,,,,,,,,,,,,,,,
Callicebus ,lugens,,yes,,,,,,,,,,,,,,,,,,,,,,,,,
Callicebus ,medemi,,yes,,,,,,1280,extant_mass.csv,,,,,,,,,,,,,,,,,,
Callicebus ,pallescens,,yes,,,,,,800,extant_mass.csv,,,,,,,,,,,,,,,,,,
Callicebus ,purinus,,yes,,,,,,,,,,,,,,,,,,,,,,,,,
Callicebus ,regulus,,yes,,,,,,,,,,,,,,,,,,,,,,,,,
Callicebus ,stephennashi,,yes,,,,,,780,extant_mass.csv,,,,,,,,,,,,,,,,,,
Callimico,goeldii,,yes,,,0.012,0,Fossilworks,483.5,Fleagle 1999,,,,,,,,,,,,,,,,,,yes
Callithrix,argentata,,yes,,,,,,346.5,Fleagle 1999,,,,,,,,,,,,,,,,,,
Callithrix,aurita,,yes,,,,,,429,Fleagle 1999,,,,,,,,,,,,,,,,,,yes
Callithrix,chrysoleuca,,yes,,,,,,,,,,,,,,,,,,,,,,,,,
Callithrix,emiliae,,yes,,,,,,321.5,Fleagle 1999,,,,,,,,,,,,,,,,,,
Callithrix,flaviceps,,yes,,,,,,406,Fleagle 1999,,,,,,,,,,,,,,,,,,yes
Callithrix,geoffroyi,,yes,,,,,,359,Fleagle 1999,,,,,,,,,,,,,,,,,,yes
Callithrix,humeralifer,,yes,,,,,,473.5,Fleagle 1999,,,,,,,,,,,,,,,,,,
Callithrix,jacchus,,yes,,,,,,320.5,Fleagle 1999,,,,,,,,,,,,,,,,,,yes
Callithrix,kuhlii,,yes,,,,,,375,Fleagle 1999,,,,,,,,,,,,,,,,,,yes
Callithrix,mauesi,,yes,,,,,,371.5,Fleagle 1999,,,,,,,,,,,,,,,,,,
Callithrix,melanura,,yes,,,,,,,,,,,,,,,,,,,,,,,,,
Callithrix,nigriceps,,yes,,,,,,380,Fleagle 1999,,,,,,,,,,,,,,,,,,
Callithrix,penicillata,,yes,,,,,,325.5,Fleagle 1999,,,,,,,,,,,,,,,,,,yes
Callithrix,pygmaea,cebuella pygmaea,yes,,,0.012,0,Fossilworks,116,Fleagle 1999,,,,,,,,,,,,,,,,,,yes
Carlito ,syrichta,,yes,,,,,,131.5,extant_mass.csv,,,,,,,,,,,,,,,,,,
Cebuella ,pygmaea,,yes,,,,,,112.5,extant_mass.csv,,,,,,,,,,,,,,,,,,
Cebus,albifrons,,yes,,,,,,2678.33,Fleagle 1999/extant_mass.csv,,,,,,,,,,,,,,,,,,yes
Cebus,albulus,,yes,,,,,,,,,,,,,,,,,,,,,,,,,
Cebus,apella,,yes,,,0.012,0,Fossilworks,3085,Fleagle 1999,4.95,4.95,4.65,6.15,4.65,4.9,3.4,5.5,3.75,4.15,2.75,4.45,3.8,5.15,3.55,6.75,Swindler 2002,yes
Cebus,brunneus,,yes,,,,,,,,,,,,,,,,,,,,,,,,,
Cebus,capucinus,,yes,,,0.012,0,Fossilworks,3110,Fleagle 1999,,,,,,,,,,,,,,,,,,yes
Cebus,imitator,,yes,,,,,,3250,extant_mass.csv,,,,,,,,,,,,,,,,,,
Cebus,kaapori,,yes,,,,,,2650,extant_mass.csv,,,,,,,,,,,,,,,,,,
Cebus,margaritae,,yes,,,,,,,,,,,,,,,,,,,,,,,,,
Cebus,nigrivittatus,,yes,,,0.012,0,Fossilworks,,,,,,,,,,,,,,,,,,,,
Cebus,olivaceus,,yes,,,,,,2905,Fleagle 1999,,,,,,,,,,,,,,,,,,yes
Cebus ,unicolor,,yes,,,,,,,,,,,,,,,,,,,,,,,,,
Cephalopachus,bancanus,,yes,,,,,,119.5,extant_mass.csv,,,,,,,,,,,,,,,,,,
Cercocebus,agilis,,yes,,,,,,7580,Fleagle 1999,,,,,,,,,,,,,,,,,,
Cercocebus,atys,,yes,,,,,,8225,Fleagle 1999/extant_mass.csv,,,,,,,,,,,,,,,,,,
Cercocebus,fuliginosus,,yes,,,,,,,,,,,,,,,,,,,,,,,,,
Cercocebus,galeritus,,yes,,,,,,7742.5,Fleagle 1999/extant_mass.csv,7.2,6.15,7.2,7.75,7.95,7.35,7.85,8.3,8.3,7.05,6.8,7.7,6,5.7,5.65,7.5,Swindler 2002,
Cercocebus,torquatus,,yes,,,,,,8615,Fleagle 1999,7.3,6.05,7.35,7.7,8.25,7.3,8.05,8.4,9.5,7.4,8.1,8.2,6,5.65,5.65,7,Swindler 2002,
Cercopithecus,albogularis,,yes,,,,,,6200,extant_mass.csv,,,,,,,,,,,,,,,,,,
Cercopithecus,ascanius,,yes,,,,,,3310,Fleagle 1999,5.1,3.7,5,4.8,5.4,4.5,5.4,5.4,5.2,4.3,5.35,4.65,4.2,3.2,3.55,4.2,Swindler 2002,
Cercopithecus,campbelli,,yes,,,,,,3750,Fleagle 1999/extant_mass.csv,,,,,,,,,,,,,,,,,,
Cercopithecus,centralis,,yes,,,,,,,,,,,,,,,,,,,,,,,,,
Cercopithecus,cephalopterus,,yes,,,,,,,,,,,,,,,,,,,,,,,,,
Cercopithecus,cephus,,yes,,,,,,3585,Fleagle 1999,5.5,3.95,5.55,5.2,5.9,4.7,5.85,5.9,5.75,4.6,5.1,5.1,4.8,3.45,4.15,4.55,Swindler 2002,
Cercopithecus,diana,,yes,,,,,,4550,Fleagle 1999/extant_mass.csv,,,,,,,,,,,,,,,,,,
Cercopithecus,dryas,,yes,,,,,,3000,Fleagle 1999,,,,,,,,,,,,,,,,,,
Cercopithecus,erythrogaster,,yes,,,,,,3250,Fleagle 1999,,,,,,,,,,,,,,,,,,
Cercopithecus,erythrotis,,yes,,,,,,3250,Fleagle 1999,,,,,,,,,,,,,,,,,,
Cercopithecus,hamlyni,,yes,,,,,,4425,Fleagle 1999,,,,,,,,,,,,,,,,,,
Cercopithecus,kolbi,,yes,,,,,,,,,,,,,,,,,,,,,,,,,
Cercopithecus,lhoesti,,yes,,,,,,4710,Fleagle 1999,,,,,,,,,,,,,,,,,,
Cercopithecus,mitis,,yes,,,0.012,0,Fossilworks,6090,Fleagle 1999,6.1,4.3,6,5.45,6.6,5.25,6.45,6.15,6.45,5.3,5.7,5.55,5.05,3.75,4.4,5.05,Swindler 2002,
Cercopithecus,mona,,yes,,,,,,5100,Fleagle 1999,5.25,3.8,5.3,5.1,5.75,4.85,5.75,5.95,5.55,4.65,5,5.25,4.4,3.4,4,4.5,Swindler 2002,
Cercopithecus,neglectus,,yes,,,,,,5740,Fleagle 1999,6.1,4.4,6.1,5.35,6.5,5.3,6.55,6.25,6.6,5.2,5.75,5.5,5.35,3.75,4.65,4.85,Swindler 2002,
Cercopithecus,nictitans,,yes,,,,,,5465,Fleagle 1999,5.6,3.95,5.55,5.1,6,4.9,6,5.85,5.95,4.8,5.2,5.25,4.75,3.6,3.95,4.65,Swindler 2002,
Cercopithecus,petaurista,,yes,,,,,,3650,Fleagle 1999,,,,,,,,,,,,,,,,,,
Cercopithecus,pogonias,,yes,,,,,,3915,Fleagle 1999/extant_mass.csv,,,,,,,,,,,,,,,,,,
Cercopithecus,preussi,,yes,,,,,,4500,Fleagle 1999,,,,,,,,,,,,,,,,,,
Cercopithecus,pygerythrus,chlorocebus pygerythrus,yes,,,0.012,0,Fossilworks,3950,extant_mass.csv,,,,,,,,,,,,,,,,,,
Cercopithecus,ruber,,yes,,,,,,,,,,,,,,,,,,,,,,,,,
Cercopithecus,sabaeus,chlorocebus sabaeus,yes,,,,,,3950,extant_mass.csv,,,,,,,,,,,,,,,,,,
Cercopithecus,salongo,,yes,,,,,,,,,,,,,,,,,,,,,,,,,
Cercopithecus,sclateri,,yes,,,,,,3250,Fleagle 1999,,,,,,,,,,,,,,,,,,
Cercopithecus,solatus,,yes,,,,,,5405,Fleagle 1999,,,,,,,,,,,,,,,,,,
Cercopithecus,wolfi,,yes,,,,,,3390,Fleagle 1999,,,,,,,,,,,,,,,,,,
Cercopithecus ,kandti,,yes,,,,,,6650,extant_mass.csv,,,,,,,,,,,,,,,,,,
Cheirogaleus,major,,yes,,,,,,400,Fleagle 1999,,,,,,,,,,,,,,,,,,
Cheirogaleus,medius,,yes,,,0.012,0,Fossilworks,282.5,Fleagle 1999,,,,,,,,,,,,,,,,,,
Cheirogaleus ,sibreei,,yes,,,,,,272,extant_mass.csv,,,,,,,,,,,,,,,,,,
Chiropotes,albinasus,,yes,,,,,,2820,Fleagle 1999,,,,,,,,,,,,,,,,,,yes
Chiropotes,satanas,,yes,,,,,,2870,Fleagle 1999/extant_mass.csv,,,,,,,,,,,,,,,,,,yes
Chiropotes ,chiropotes,,yes,,,,,,3000,extant_mass.csv,,,,,,,,,,,,,,,,,,
Chlorocebus,aethiops,,yes,,,,,,3620,Fleagle 1999,5.75,4.3,5.55,5.4,6.25,5.15,6.25,6.2,6.05,5.05,5.2,5.45,4.6,3.55,4.1,4.85,Swindler 2002,
Chlorocebus,cynosuros,,yes,,,,,,3950,extant_mass.csv,,,,,,,,,,,,,,,,,,
Chlorocebus,djamdjamensis,,yes,,,,,,3950,extant_mass.csv,,,,,,,,,,,,,,,,,,
Chlorocebus,lhoesti,,yes,,,,,,,,,,,,,,,,,,,,,,,,,
Chlorocebus,solatus,,yes,,,,,,,,,,,,,,,,,,,,,,,,,
Chlorocebus,tantalus,,yes,,,,,,4700,extant_mass.csv,,,,,,,,,,,,,,,,,,
Colobus,angolensis,,yes,,,,,,8625,Fleagle 1999,,,,,,,,,,,,,,,,,,
Colobus,guereza,,yes,,,2.588,0,Fossilworks,11350,Fleagle 1999,,,,,,,,,,,,,,,,,,
Colobus,polykomos,,yes,,,,,,9100,Fleagle 1999,7.1,5.35,6.9,6.35,7.55,6.1,7.35,7.15,9.5,6.15,7.45,6.7,6,4.8,5.15,6.45,Swindler 2002,
Colobus,satanas,,yes,,,,,,8910,Fleagle 1999,,,,,,,,,,,,,,,,,,
Colobus ,vellerosus,,yes,,,,,,8450,extant_mass.csv,,,,,,,,,,,,,,,,,,
Daubentonia,madagascariensis,,yes,,,,,,2555,Fleagle 1999,,,,,,,,,,,,,,,,,,
Erythrocebus,patas,chlorocebus patas,yes,,,0.012,0,Fossilworks,8185,Fleagle 1999,,,,,,,,,,,,,,,,,,
Eulemur,albocollaris,cinereiceps,yes,,,,,,2000,extant_mass.csv,,,,,,,,,,,,,,,,,,
Eulemur,collaris,,yes,,,,,,2200,extant_mass.csv,,,,,,,,,,,,,,,,,,
Eulemur,coronatus,,yes,,,,,,1180,Fleagle 1999,,,,,,,,,,,,,,,,,,
Eulemur,flavifrons,,yes,,,,,,1850,extant_mass.csv,,,,,,,,,,,,,,,,,,
Eulemur,fulvus,,yes,,,,,,1905,Fleagle 1999/extant_mass.csv,,,,,,,,,,,,,,,,,,
Eulemur,macaco,,yes,,,,,,1820,Fleagle 1999,,,,,,,,,,,,,,,,,,
Eulemur,mongoz,,yes,,,,,,1485,Fleagle 1999,,,,,,,,,,,,,,,,,,
Eulemur,rubriventer,,yes,,,,,,1960,Fleagle 1999,,,,,,,,,,,,,,,,,,
Eulemur,rufifrons,,yes,,,,,,2300,extant_mass.csv,,,,,,,,,,,,,,,,,,
Euoticus,elegantulus,,yes,,,,,,300,Fleagle 1999,,,,,,,,,,,,,,,,,,
Euoticus,matschiei,,yes,,,,,,209.5,Fleagle 1999,,,,,,,,,,,,,,,,,,
Euoticus ,pallidus,,yes,,,,,,230,extant_mass.csv,,,,,,,,,,,,,,,,,,
Galago,alleni,,yes,,,,,,,,,,,,,,,,,,,,,,,,,
Galago,gallarum,,yes,,,,,,200,Fleagle 1999,,,,,,,,,,,,,,,,,,
Galago,moholi,,yes,,,,,,180,Fleagle 1999,,,,,,,,,,,,,,,,,,
Galago,senegalensis,,yes,,,2.588,0,Fossilworks,213,Fleagle 1999,2.25,1.9,2.5,3,2.3,2,2.35,3.25,2.7,1.8,1.85,2.8,2.05,1.6,2.2,2.55,Swindler 2002,
Galago ,matschiei,,yes,,,,,,210,extant_mass.csv,,,,,,,,,,,,,,,,,,
Galagoides,alleni,,yes,,,,,,273,Fleagle 1999,,,,,,,,,,,,,,,,,,
Galagoides,cocos,,yes,,,,,,167.5,extant_mass.csv,,,,,,,,,,,,,,,,,,
Galagoides,demidoff,,yes,,,,,,61.5,Fleagle 1999,,,,,,,,,,,,,,,,,,
Galagoides,granti,galago granti,yes,,,,,,52.5,extant_mass.csv,,,,,,,,,,,,,,,,,,
Galagoides,orinus,,yes,,,,,,86,extant_mass.csv,,,,,,,,,,,,,,,,,,
Galagoides,rondoensis,,yes,,,,,,52.5,extant_mass.csv,,,,,,,,,,,,,,,,,,
Galagoides,thomasi,,yes,,,,,,116.5,Fleagle 1999,,,,,,,,,,,,,,,,,,
Galagoides,zanzibaricus,,yes,,,,,,143,Fleagle 1999,,,,,,,,,,,,,,,,,,
Gorilla,beringei,,yes,,,,,,130000,Fleagle 1999,,,,,,,,,,,,,,,,,,
Gorilla,gorilla,,yes,,,,,,120950,Fleagle 1999,15.8,13.45,15.25,15.2,17.65,15.85,16.75,16.35,17,15.25,15.35,15.15,11.55,13.95,11.1,14.8,Swindler 2002,
Gorilla,graueri,,yes,,,,,,123100,Fleagle 1999,,,,,,,,,,,,,,,,,,
Hapalemur,aureus,,yes,,,,,,1455,Fleagle 1999,,,,,,,,,,,,,,,,,,
Hapalemur,griseus,,yes,,,,,,979.5,Fleagle 1999/extant_mass.csv,,,,,,,,,,,,,,,,,,
Hapalemur,simus,,yes,,,,,,1725,Fleagle 1999,,,,,,,,,,,,,,,,,,
Hapalemur ,meridionalis,,yes,,,,,,855,extant_mass.csv,,,,,,,,,,,,,,,,,,
Hapalemur ,occidentalis,,yes,,,,,,1023,extant_mass.csv,,,,,,,,,,,,,,,,,,
Homo,sapiens,,yes,,,0.126,0,Fossilworks,60000,Fleagle 1999,,,,,,,,,,,,,,,,,,
Hoolock,hoolock,,yes,,,,,,6500,extant_mass.csv,,,,,,,,,,,,,,,,,,
Hoolock,leuconedys,,yes,,,,,,7500,extant_mass.csv,,,,,,,,,,,,,,,,,,
Hylobates,abbotti,,yes,,,,,,5950,extant_mass.csv,,,,,,,,,,,,,,,,,,
Hylobates,agilis,,yes,,,,,,5850,Fleagle 1999,6,4.9,5.65,6,6.3,5.45,5.95,6.35,6,5.3,5.2,5.95,4.75,4.25,4.25,5,Swindler 2002,
Hylobates,albibarbis,,yes,,,,,,5850,extant_mass.csv,,,,,,,,,,,,,,,,,,
Hylobates,concolor,,yes,,,,,,7705,Fleagle 1999,,,,,,,,,,,,,,,,,,
Hylobates,funereus,,yes,,,,,,5700,extant_mass.csv,,,,,,,,,,,,,,,,,,
Hylobates,hoolock,,yes,,,,,,6875,Fleagle 1999,,,,,,,,,,,,,,,,,,
Hylobates,klossii,,yes,,,,,,5795,Fleagle 1999,5.9,4.65,5.35,5.8,5.95,4.95,5.4,5.85,5.2,4.55,4,5.6,4.6,4.05,4.05,4.95,Swindler 2002,
Hylobates,lar,,yes,,,,,,5620,Fleagle 1999,5.6,4.4,5.4,5.5,5.9,5.2,5.7,6.2,5.4,5,4.8,5.6,4.6,4.3,4,5.1,Swindler 2002,
Hylobates,moloch,,yes,,,,,,6415,Fleagle 1999,6.3,5.05,5.8,6.4,6.55,5.5,6.15,6.35,6.25,5.4,5.1,5.85,4.95,4.3,4.4,5.35,Swindler 2002,
Hylobates,muelleri,,yes,,,,,,5530,Fleagle 1999,,,,,,,,,,,,,,,,,,
Hylobates,pileatus,,yes,,,,,,5470,Fleagle 1999,,,,,,,,,,,,,,,,,,
Hylobates,syndactylus,,yes,,,,,,11300,Fleagle 1999,,,,,,,,,,,,,,,,,,
Indri,indri,,yes,,,,,,6335,Fleagle 1999,,,,,,,,,,,,,,,,,,
Insulacebus,toussaintiana,,yes,,,0.012,0,Fossilworks,,,,,,,,,,,,,,,,,,,,
Lagothrix,flavicauda,oreonax flavicauda,yes,,,2.1,0,Fiore et al. 2014,10000,Fleagle 1999,,,,,,,,,,,,,,,,,,
Lagothrix,lagotricha,,yes,,,0.012,0,Fossilworks,7383.33,Fleagle 1999/extant_mass.csv,,,,,,,,,,,,,,,,,,yes
Lemur,catta,,yes,,,0.012,0,Fossilworks,2210,Fleagle 1999,,,,,,,,,,,,,,,,,,
Leontopithecus,caissara,,yes,,,,,,575,Fleagle 1999,,,,,,,,,,,,,,,,,,yes
Leontopithecus,chrysomelas,,yes,,,,,,577.5,Fleagle 1999,,,,,,,,,,,,,,,,,,yes
Leontopithecus,chrysopygus,,yes,,,,,,577.5,Fleagle 1999,,,,,,,,,,,,,,,,,,yes
Leontopithecus,oedipus,,yes,,,,,,,,,,,,,,,,,,,,,,,,,
Leontopithecus,rosalia,,yes,,,,,,609,Fleagle 1999,,,,,,,,,,,,,,,,,,yes
Lepilemur,aeeclis,,yes,,,,,,850,extant_mass.csv,,,,,,,,,,,,,,,,,,
Lepilemur,ahmansonorum,,yes,,,,,,550,extant_mass.csv,,,,,,,,,,,,,,,,,,
Lepilemur,ankaranensis,,yes,,,,,,730,extant_mass.csv,,,,,,,,,,,,,,,,,,
Lepilemur,betsileo,,yes,,,,,,1100,extant_mass.csv,,,,,,,,,,,,,,,,,,
Lepilemur,dorsalis,,yes,,,,,,550,Fleagle 1999,,,,,,,,,,,,,,,,,,
Lepilemur,edwardsi,,yes,,,,,,921,Fleagle 1999,,,,,,,,,,,,,,,,,,
Lepilemur,fleuretae,,yes,,,,,,800,extant_mass.csv,,,,,,,,,,,,,,,,,,
Lepilemur,grewcockorum,,yes,,,,,,900,extant_mass.csv,,,,,,,,,,,,,,,,,,
Lepilemur,hollandorum,,yes,,,,,,1000,extant_mass.csv,,,,,,,,,,,,,,,,,,
Lepilemur,hubbardi,,yes,,,,,,990,extant_mass.csv,,,,,,,,,,,,,,,,,,
Lepilemur,jamesorum,,yes,,,,,,964,extant_mass.csv,,,,,,,,,,,,,,,,,,
Lepilemur,leucopus,,yes,,,,,,605.5,Fleagle 1999,,,,,,,,,,,,,,,,,,
Lepilemur,microdon,,yes,,,,,,970,Fleagle 1999,,,,,,,,,,,,,,,,,,
Lepilemur,mustelinus,,yes,,,,,,770,Fleagle 1999,3.55,2.325,3.45,3.385,3.54,2.39,3.35,3.51,3.985,2.11,2.735,3.075,2.675,1.89,2.675,2.765,Swindler 2002,
Lepilemur,ruficaudatus,,yes,,,,,,775,Fleagle 1999,,,,,,,,,,,,,,,,,,
Lepilemur,septentrionalis,,yes,,,,,,750,Fleagle 1999,,,,,,,,,,,,,,,,,,
Lepilemur ,milanoii,,yes,,,,,,711,extant_mass.csv,,,,,,,,,,,,,,,,,,
Lepilemur ,otto,,yes,,,,,,862.5,extant_mass.csv,,,,,,,,,,,,,,,,,,
Lepilemur ,petteri,,yes,,,,,,630,extant_mass.csv,,,,,,,,,,,,,,,,,,
Lepilemur ,randrianasoloi,,yes,,,,,,775,extant_mass.csv,,,,,,,,,,,,,,,,,,
Lepilemur ,sahamalazensis,,yes,,,,,,720,extant_mass.csv,,,,,,,,,,,,,,,,,,
Lepilemur ,scottorum,,yes,,,,,,880,extant_mass.csv,,,,,,,,,,,,,,,,,,
Lepilemur ,seali,,yes,,,,,,950,extant_mass.csv,,,,,,,,,,,,,,,,,,
Lepilemur ,wrightae,,yes,,,,,,1100,extant_mass.csv,,,,,,,,,,,,,,,,,,
Lophocebus,albigena,,yes,,,,,,6395,Fleagle 1999/extant_mass.csv,6.7,5.4,6.8,6.45,7.35,6.35,7.35,7.05,8,6.15,6.65,6.6,5.2,4.75,4.6,5.7,Swindler 2002,
Lophocebus,aterrimus,,yes,,,,,,6800,Fleagle 1999,,,,,,,,,,,,,,,,,,
Loris,tardigradus,,yes,,,,,,263.75,Fleagle 1999/extant_mass.csv,,,,,,,,,,,,,,,,,,
Macaca,arctoides,,yes,,,,,,10300,Fleagle 1999,,,,,,,,,,,,,,,,,,
Macaca,assamensis,,yes,,,0.781,0,Fossilworks (extant 0),9100,Fleagle 1999,,,,,,,,,,,,,,,,,,
Macaca,brunnescens,,yes,,,,,,16600,Fleagle 1999,,,,,,,,,,,,,,,,,,
Macaca,cyclopis,,yes,,,,,,12000,extant_mass.csv,,,,,,,,,,,,,,,,,,
Macaca,cyclops,,yes,,,,,,5470,Fleagle 1999,,,,,,,,,,,,,,,,,,
Macaca,fascicularis,,yes,,,,,,4475,Fleagle 1999,6.45,5.1,6.4,6.3,7.35,6.05,7.2,7.15,8.65,5.95,6.95,6.75,5.05,4.65,4.7,5.85,Swindler 2002,
Macaca,fuscata,,yes,,,,,,9515,Fleagle 1999,,,,,,,,,,,,,,,,,,
Macaca,hecki,,yes,,,,,,9000,Fleagle 1999,,,,,,,,,,,,,,,,,,
Macaca,maura,,yes,,,,,,7885,Fleagle 1999,,,,,,,,,,,,,,,,,,
Macaca,mulatta,,yes,,,0.126,0,Fossilworks (extant 0),6540,Fleagle 1999,7.1,5.55,7.15,6.9,7.8,6.5,7.7,7.65,8.75,6.3,7.35,7.3,5.35,4.9,5.05,6.4,Swindler 2002,
Macaca,munzala,,yes,,,,,,14000,extant_mass.csv,,,,,,,,,,,,,,,,,,
Macaca,nemestrina,,yes,,,,,,9500,extant_mass.csv,,,,,,,,,,,,,,,,,,
Macaca,nigra,,yes,,,,,,7680,Fleagle 1999,6.85,5.05,6.75,6.25,7.65,6.65,7.9,6.8,10.3,6.8,8.05,7.45,5.85,4.9,5.1,6,Swindler 2002,
Macaca,nigriscens,,yes,,,,,,9500,Fleagle 1999,,,,,,,,,,,,,,,,,,
Macaca,ochreata,,yes,,,,,,3950,Fleagle 1999,,,,,,,,,,,,,,,,,,
Macaca,radiata,,yes,,,,,,5260,Fleagle 1999,,,,,,,,,,,,,,,,,,
Macaca,siberu,,yes,,,,,,6750,extant_mass.csv,,,,,,,,,,,,,,,,,,
Macaca,silenus,,yes,,,,,,7500,Fleagle 1999,,,,,,,,,,,,,,,,,,
Macaca,sinica,,yes,,,,,,4440,Fleagle 1999,,,,,,,,,,,,,,,,,,
Macaca,sylvanus,,yes,,,0.781,0,Fossilworks (extant 0),13500,Fleagle 1999,,,,,,,,,,,,,,,,,,
Macaca,thibetana,,yes,,,0.781,0,Fossilworks (extant 0),10850,Fleagle 1999,,,,,,,,,,,,,,,,,,
Macaca,tonkeana,,yes,,,,,,11950,Fleagle 1999,,,,,,,,,,,,,,,,,,
Macaca ,leonina,,yes,,,,,,6750,extant_mass.csv,,,,,,,,,,,,,,,,,,
Macacus,cynomolgus,,yes,,,,,,,,,,,,,,,,,,,,,,,,,
Macacus,eocaenus,,yes,,,,,,,,,,,,,,,,,,,,,,,,,
Macacus,nemestrinus,,yes,,,,,,8850,Fleagle 1999,7.4,5.7,7.25,7.15,8.25,6.9,8.25,8.2,10.45,7.35,8.25,8.1,6.3,5.35,5.45,6.55,Swindler 2002,
Macacus,priscus,,yes,,,,,,,,,,,,,,,,,,,,,,,,,
Mandrillus,leucophaeus,,yes,,,,,,16250,Fleagle 1999,,,,,,,,,,,,,,,,,,
Mandrillus,sphinx,,yes,,,,,,22250,Fleagle 1999,,,,,,,,,,,,,,,,,,
Mico,argentatus,,yes,,,,,,377.5,extant_mass.csv,,,,,,,,,,,,,,,,,,
Mico,intermedius,,yes,,,,,,295,extant_mass.csv,,,,,,,,,,,,,,,,,,
Mico,leucippe,,yes,,,,,,330,extant_mass.csv,,,,,,,,,,,,,,,,,,
Mico,manicorensis,,yes,,,,,,350,extant_mass.csv,,,,,,,,,,,,,,,,,,
Mico,mauesi,,yes,,,,,,357.5,extant_mass.csv,,,,,,,,,,,,,,,,,,
Mico,melanurus,,yes,,,,,,330,extant_mass.csv,,,,,,,,,,,,,,,,,,
Mico,rondoni,,yes,,,,,,320,extant_mass.csv,,,,,,,,,,,,,,,,,,
Mico,saterei,,yes,,,,,,430,extant_mass.csv,,,,,,,,,,,,,,,,,,
Microcebus,berthae,,yes,,,,,,31,extant_mass.csv,,,,,,,,,,,,,,,,,,
Microcebus,coquereli,,yes,,,,,,,,,,,,,,,,,,,,,,,,,
Microcebus,gerpi,,yes,,,,,,68,extant_mass.csv,,,,,,,,,,,,,,,,,,
Microcebus,griseorufus,,yes,,,,,,45,extant_mass.csv,,,,,,,,,,,,,,,,,,
Microcebus,jollyae,,yes,,,,,,49,extant_mass.csv,,,,,,,,,,,,,,,,,,
Microcebus,lehilahystara,,yes,,,,,,46.5,extant_mass.csv,,,,,,,,,,,,,,,,,,
Microcebus,murinus,,yes,,,,,,61,Fleagle 1999,,,,,,,,,,,,,,,,,,
Microcebus,rufus,,yes,,,,,,47.5,Fleagle 1999,,,,,,,,,,,,,,,,,,
Microcebus,tavaratra,,yes,,,,,,54,extant_mass.csv,,,,,,,,,,,,,,,,,,
Microcebus ,mittermeieri,,yes,,,,,,46,extant_mass.csv,,,,,,,,,,,,,,,,,,
Microcebus ,sambiranensis,,yes,,,,,,45,extant_mass.csv,,,,,,,,,,,,,,,,,,
Miopithecus,talapoin,,yes,,,,,,1250,Fleagle 1999,,,,,,,,,,,,,,,,,,
Miopithecus ,ogouensis,,yes,,,,,,1250,extant_mass.csv,,,,,,,,,,,,,,,,,,
Mirza,coquereli,,yes,,,,,,315,Fleagle 1999,,,,,,,,,,,,,,,,,,
Mirza,zaza,,yes,,,,,,290,extant_mass.csv,,,,,,,,,,,,,,,,,,
Nasalis,larvatus,,yes,,,,,,15110,Fleagle 1999,7.1,5.15,6.9,6.15,7.85,6.2,7.7,7.05,9.85,6.55,7.65,6.9,5.2,4.75,5.1,5.95,Swindler 2002,
Nasalis,nasuus,,yes,,,,,,,,,,,,,,,,,,,,,,,,,
Nomascus,concolor,,yes,,,0.781,0,Fossilworks (extant 0),8450,extant_mass.csv,,,,,,,,,,,,,,,,,,
Nomascus,gabriellae,,yes,,,,,,5200,extant_mass.csv,,,,,,,,,,,,,,,,,,
Nomascus,hainanus,,yes,,,,,,7900,extant_mass.csv,,,,,,,,,,,,,,,,,,
Nomascus,leucogenys,,yes,,,,,,6500,extant_mass.csv,,,,,,,,,,,,,,,,,,
Nomascus,nasutus,,yes,,,,,,,,,,,,,,,,,,,,,,,,,
Nomascus,siki,,yes,,,,,,7250,extant_mass.csv,,,,,,,,,,,,,,,,,,
Nycticebus,bengalensis,,yes,,,,,,1375,extant_mass.csv,,,,,,,,,,,,,,,,,,
Nycticebus,coucang,menagensis,yes,,,,,,801.25,Fleagle 1999/extant_mass.csv,3.4,2.7,3.5,4.25,3.35,2.8,3.2,4.15,3.45,2.4,2.45,3.5,2.3,2.45,2.45,3.1,Swindler 2002,
Nycticebus,pygmaeus,,yes,,,,,,307,Fleagle 1999,,,,,,,,,,,,,,,,,,
Otolemur,crassicaudatus,,yes,,,,,,1150,Fleagle 1999,3.95,3.25,4.3,4.95,3.9,3.35,4,5.35,4.3,2.85,3.1,4.25,3.5,2.7,3.65,4.2,Swindler 2002,
Otolemur,garnettii,,yes,,,,,,764,Fleagle 1999,,,,,,,,,,,,,,,,,,
Pan,paniscus,,yes,,,,,,39100,Fleagle 1999,9.3,8.85,8.4,9.6,9.8,9.15,8.4,10.2,9.2,8.3,8,10,7.05,7.7,6.2,8.9,Swindler 2002,
Pan,schweinfurthii,,yes,,,,,,38200,Fleagle 1999,,,,,,,,,,,,,,,,,,
Pan,troglodytes,,yes,,,,,,52750,Fleagle 1999,10.9,9.7,10.2,11.3,11.2,10.55,10.25,11.55,10.6,10.15,9.75,11.1,7.65,8.8,7.2,10.15,Swindler 2002,
Pan,verus,,yes,,,,,,45450,Fleagle 1999,,,,,,,,,,,,,,,,,,
Papio,anubis,,yes,,,0.012,0,Fossilworks,19200,Fleagle 1999,,,,,,,,,,,,,,,,,,
Papio,cynocephalus,,yes,,,0.012,0,Fossilworks,15025,Fleagle 1999/extant_mass.csv,10.45,8,10.6,9.7,12.2,9.95,12.3,10.85,15.2,10.75,12.6,11.9,7.95,6.9,7.4,8.4,Swindler 2002,
Papio,hamadryas,,yes,,,2.588,0,Fossilworks (extant 0),13400,Fleagle 1999,,,,,,,,,,,,,,,,,,
Papio,papio,,yes,,,,,,12100,Fleagle 1999,,,,,,,,,,,,,,,,,,
Papio,porcarius,,yes,,,,,,,,,,,,,,,,,,,,,,,,,
Papio,ursinus,,yes,,,,,,22300,Fleagle 1999,,,,,,,,,,,,,,,,,,
Perodicticus,ibeanus,,yes,,,,,,1100,extant_mass.csv,,,,,,,,,,,,,,,,,,
Perodicticus,potto,,yes,,,,,,1066.5,Fleagle 1999/extant_mass.csv,3.15,2.6,3.45,3.9,3.35,2.85,3.35,4.35,3.15,2.4,2.15,3.45,2.35,2.45,2.45,2.8,Swindler 2002,
Phaner,furcifer,parienti:pallescens:electromontis,yes,,,,,,460,Fleagle 1999,,,,,,,,,,,,,,,,,,
Piliocolobus,badius,,yes,,,,,,7092.5,Fleagle 1999/extant_mass.csv,7.15,5,6.95,6,7.35,5.6,7.25,6.55,9,5.75,7,6.35,5.65,4.55,5,5.8,Swindler 2002,
Piliocolobus,bouvieri,,yes,,,,,,,,,,,,,,,,,,,,,,,,,
Piliocolobus,epieni,,yes,,,,,,,,,,,,,,,,,,,,,,,,,
Piliocolobus,gordonorum,,yes,,,,,,,,,,,,,,,,,,,,,,,,,
Piliocolobus,kirkii,,yes,,,,,,8000,extant_mass.csv,,,,,,,,,,,,,,,,,,
Piliocolobus,oustaleti,,yes,,,,,,10350,extant_mass.csv,,,,,,,,,,,,,,,,,,
Piliocolobus,pennantii,,yes,,,,,,7400,extant_mass.csv,,,,,,,,,,,,,,,,,,
Piliocolobus,preussi,,yes,,,,,,,,,,,,,,,,,,,,,,,,,
Piliocolobus,rufomitratus,,yes,,,,,,9000,extant_mass.csv,,,,,,,,,,,,,,,,,,
Piliocolobus,temminckii,,yes,,,,,,,,,,,,,,,,,,,,,,,,,
Piliocolobus ,tephrosceles,,yes,,,,,,9700,extant_mass.csv,,,,,,,,,,,,,,,,,,
Piliocolobus ,tholloni,,yes,,,,,,,,,,,,,,,,,,,,,,,,,
Pithecia,aequatorialis,,yes,,,,,,2250,Fleagle 1999,,,,,,,,,,,,,,,,,,yes
Pithecia,albicans,,yes,,,,,,3000,Fleagle 1999,,,,,,,,,,,,,,,,,,yes
Pithecia,irrorata,,yes,,,,,,2160,Fleagle 1999,,,,,,,,,,,,,,,,,,yes
Pithecia,monachus,,yes,,,,,,2360,Fleagle 1999,,,,,,,,,,,,,,,,,,yes
Pithecia,pithecia,,yes,,,,,,1760,Fleagle 1999,,,,,,,,,,,,,,,,,,yes
Pongo,abelii,,yes,,,,,,57150,Fleagle 1999,,,,,,,,,,,,,,,,,,
Pongo,pygmaeus,,yes,,,,,,56750,Fleagle 1999,12.4,11.5,12.35,13,13.75,12.8,12.4,13.5,13.2,12.35,11.95,13.35,10.9,11.15,9.65,12.7,Swindler 2002,
Presbytis,comata,,yes,,,,,,6695,Fleagle 1999,5.45,4.4,5.3,5.45,5.65,5.05,5.45,5.95,6.05,4.95,5.2,5.7,4.4,4.05,3.9,5.45,Swindler 2002,
Presbytis,frontata,,yes,,,,,,5615,Fleagle 1999,,,,,,,,,,,,,,,,,,
Presbytis,hosei,,yes,,,,,,6077.5,Fleagle 1999/extant_mass.csv,,,,,,,,,,,,,,,,,,
Presbytis,melalophos,,yes,,,,,,6360,Fleagle 1999/extant_mass.csv,,,,,,,,,,,,,,,,,,
Presbytis,potenziana,,yes,,,,,,6367.5,Fleagle 1999/extant_mass.csv,,,,,,,,,,,,,,,,,,
Presbytis,rubicunda,,yes,,,,,,6230,Fleagle 1999,,,,,,,,,,,,,,,,,,
Presbytis,sabana,,yes,,,,,,6250,extant_mass.csv,,,,,,,,,,,,,,,,,,
Presbytis,siamensis,,yes,,,,,,6250,extant_mass.csv,,,,,,,,,,,,,,,,,,
Presbytis,thomasi,,yes,,,,,,6680,Fleagle 1999,,,,,,,,,,,,,,,,,,
Presbytis ,chrysomelas,,yes,,,,,,7050,extant_mass.csv,,,,,,,,,,,,,,,,,,
Presbytis ,femoralis,,yes,,,,,,7050,extant_mass.csv,,,,,,,,,,,,,,,,,,
Presbytis ,naturnae,,yes,,,,,,7050,extant_mass.csv,,,,,,,,,,,,,,,,,,
Procolobus,badius,,yes,,,,,,,,,,,,,,,,,,,,,,,,,
Procolobus,verus,,yes,,,,,,4450,Fleagle 1999,,,,,,,,,,,,,,,,,,
Propithecus,diadema,,yes,,,,,,5387.5,Fleagle 1999/extant_mass.csv,,,,,,,,,,,,,,,,,,
Propithecus,tattersalli,,yes,,,,,,3490,Fleagle 1999,,,,,,,,,,,,,,,,,,
Propithecus,verreauxi,,yes,,,,,,3250,Fleagle 1999/extant_mass.csv,6.845,3.965,6.915,6.25,6.82,4.68,6.93,6.88,6.885,4.9,5.12,5.4,5.49,2.835,5.56,4.43,Swindler 2002,
Pseudopotto,martini,,yes,,,,,,,,,,,,,,,,,,,,,,,,,
Pygathrix,nemaeus,,yes,,,,,,9720,Fleagle 1999,6.9,5.3,6.75,6.45,7.35,6,7.15,7.05,8.85,6.05,7.1,6.6,5.2,4.95,4.6,6.4,Swindler 2002,
Pygathrix,nigripes,,yes,,,,,,8500,extant_mass.csv,,,,,,,,,,,,,,,,,,
Rhinopithecus,avunculus,,yes,,,,,,11250,Fleagle 1999,,,,,,,,,,,,,,,,,,
Rhinopithecus,bieti,,yes,,,,,,12480,Fleagle 1999,,,,,,,,,,,,,,,,,,
Rhinopithecus,brelichi,,yes,,,,,,15800,Fleagle 1999,,,,,,,,,,,,,,,,,,
Rhinopithecus,roxellana,,yes,,,,,,14750,Fleagle 1999,7.9,6.1,8,7.6,8.7,7.2,8.7,9,10.4,7.2,8.3,8.6,5.4,5.2,5.4,6.9,Swindler 2002,
Rhinopithecus,strykeri,,yes,,,,,,11250,extant_mass.csv,,,,,,,,,,,,,,,,,,
Rungwecebus,kipunji,lophocebus,yes,,,,,,12500,extant_mass.csv,,,,,,,,,,,,,,,,,,
Saguinus,bicolor,,yes,,,,,,429,Fleagle 1999,,,,,,,,,,,,,,,,,,yes
Saguinus,fuscicollis,,yes,,,0.012,0,Fossilworks,368.86,Fleagle 1999/extant_mass.csv,,,,,,,,,,,,,,,,,,yes
Saguinus,goeffroyi,,yes,,,,,,492,Fleagle 1999,2.85,2.3,3.6,4.25,2.4,1.95,2.85,3.9,,,,,2.3,2.25,2.85,3.85,Swindler 2002,yes
Saguinus,imperator,,yes,,,,,,474.5,Fleagle 1999,,,,,,,,,,,,,,,,,,yes
Saguinus,inustus,,yes,,,,,,694,Fleagle 1999,,,,,,,,,,,,,,,,,,yes
Saguinus,labiatus,,yes,,,,,,514.5,Fleagle 1999,,,,,,,,,,,,,,,,,,yes
Saguinus,leucopus,,yes,,,,,,492,Fleagle 1999,,,,,,,,,,,,,,,,,,yes
Saguinus,martinsi,,yes,,,,,,500,extant_mass.csv,,,,,,,,,,,,,,,,,,
Saguinus,midas,,yes,,,,,,545,Fleagle 1999,,,,,,,,,,,,,,,,,,yes
Saguinus,mystax,,yes,,,,,,524.5,Fleagle 1999,,,,,,,,,,,,,,,,,,yes
Saguinus,niger,,yes,,,,,,429.5,extant_mass.csv,,,,,,,,,,,,,,,,,,
Saguinus,nigricollis,,yes,,,,,,476,Fleagle 1999,,,,,,,,,,,,,,,,,,yes
Saguinus,oedipus,,yes,,,,,,411,Fleagle 1999,,,,,,,,,,,,,,,,,,yes
Saguinus,tripartitus,,yes,,,,,,400,extant_mass.csv,,,,,,,,,,,,,,,,,,yes
Saimiri,boliviensis,,yes,,,,,,850,extant_mass.csv,,,,,,,,,,,,,,,,,,
Saimiri,oerstedii,,yes,,,,,,788.5,Fleagle 1999,2.85,2.7,2.75,3.8,2.65,2.6,2.55,3.35,2.25,2,1.75,2.45,2.2,2.7,1.9,3.8,Swindler 2002,
Saimiri,sciureus,,yes,,,,,,875.75,Fleagle 1999/extant_mass.csv,2.9,2.8,2.8,4.05,2.65,2.6,2.5,3.65,2.25,2.15,1.75,2.8,2.2,2.7,1.9,3.85,Swindler 2002,yes
Saimiri,ustus,,yes,,,,,,910,extant_mass.csv,,,,,,,,,,,,,,,,,,yes
Saimiri,vanzolinii,,yes,,,,,,800,extant_mass.csv,,,,,,,,,,,,,,,,,,
Sapajus,apella,,yes,,,,,,3050,extant_mass.csv,,,,,,,,,,,,,,,,,,
Sapajus,cay,,yes,,,,,,3250,extant_mass.csv,,,,,,,,,,,,,,,,,,
Sapajus,flavius,,yes,,,,,,2400,extant_mass.csv,,,,,,,,,,,,,,,,,,
Sapajus,libidinosus,,yes,,,,,,3050,extant_mass.csv,,,,,,,,,,,,,,,,,,
Sapajus,macrocephalus,,yes,,,,,,2950,extant_mass.csv,,,,,,,,,,,,,,,,,,
Sapajus,nigritus,,yes,,,,,,3700,extant_mass.csv,,,,,,,,,,,,,,,,,,
Sapajus,robustus,,yes,,,,,,3050,extant_mass.csv,,,,,,,,,,,,,,,,,,
Sapajus,xanthosternos,,yes,,,,,,3400,extant_mass.csv,,,,,,,,,,,,,,,,,,
Sciurocheirus,alleni,,yes,,,,,,355,extant_mass.csv,,,,,,,,,,,,,,,,,,
Sciurocheirus,cameronensis,,yes,,,,,,275,extant_mass.csv,,,,,,,,,,,,,,,,,,
Sciurocheirus,gabonensis,,yes,,,,,,350,extant_mass.csv,,,,,,,,,,,,,,,,,,
Semnopithecus,cucullatus,,yes,,,,,,,,,,,,,,,,,,,,,,,,,
Semnopithecus,entellus,ajax,yes,,,,,,11445,Fleagle 1999,,,,,,,,,,,,,,,,,,
Semnopithecus,hector,,yes,,,,,,17350,extant_mass.csv,,,,,,,,,,,,,,,,,,
Semnopithecus,hypoleucos,,yes,,,,,,13300,extant_mass.csv,,,,,,,,,,,,,,,,,,
Semnopithecus,johnii,,yes,,,,,,11700,extant_mass.csv,,,,,,,,,,,,,,,,,,
Semnopithecus,melalophos,,yes,,,,,,,,,,,,,,,,,,,,,,,,,
Semnopithecus,priam,,yes,,,,,,12450,extant_mass.csv,,,,,,,,,,,,,,,,,,
Semnopithecus,schistaceus,,yes,,,,,,17350,extant_mass.csv,,,,,,,,,,,,,,,,,,
Semnopithecus,vetulus,,yes,,,,,,6400,extant_mass.csv,,,,,,,,,,,,,,,,,,
Simia,albifrons,,yes,,,0.012,0,Fossilworks,,,,,,,,,,,,,,,,,,,,
Simia,apedia,,yes,,,,,,,,,,,,,,,,,,,,,,,,,
Simia,faunus,,yes,,,,,,,,,,,,,,,,,,,,,,,,,
Simia,morta,,yes,,,,,,,,,,,,,,,,,,,,,,,,,
Simias,concolor,,yes,,,,,,7975,Fleagle 1999,6.5,4.6,6.5,5.5,7,5.5,7,6,8.7,5.4,6.9,5.7,4.7,4.4,4.3,5.6,Swindler 2002,
Symphalangus,syndactylus,,yes,,,0.126,0,Fossilworks (extant 0),,,,,,,,,,,,,,,,,,,,
Tarsius,bancanus,,yes,,,,,,122.5,Fleagle 1999,2.9,2.3,2.85,3.95,2.8,2.45,2.8,4.1,3.5,2.4,2.5,3.8,1.75,1.7,2.1,2.95,Swindler 2002,
Tarsius,dentatus,,yes,,,,,,110.5,Fleagle 1999,,,,,,,,,,,,,,,,,,
Tarsius,fuscus,,yes,,,,,,116.5,Fleagle 1999,,,,,,,,,,,,,,,,,,
Tarsius,lariang,,yes,,,,,,,,,,,,,,,,,,,,,,,,,
Tarsius,pelengensis,,yes,,,,,,,,,,,,,,,,,,,,,,,,,
Tarsius,pumilus,,yes,,,,,,100,Fleagle 1999,,,,,,,,,,,,,,,,,,
Tarsius,sangirensis,,yes,,,,,,146.5,extant_mass.csv,,,,,,,,,,,,,,,,,,
Tarsius,syrichta,carlito syrichta,yes,,,,,,110.5,Fleagle 1999,2.9,2.3,2.85,3.95,2.8,2.45,2.8,4.1,3.5,2.4,2.5,3.8,1.75,1.7,2.1,2.95,Swindler 2002,
Tarsius,tarsier,,yes,,,,,,100.5,extant_mass.csv,2.9,2.3,2.85,3.95,2.8,2.45,2.8,4.1,3.5,2.4,2.5,3.8,1.75,1.7,2.1,2.95,Swindler 2002,
Tarsius,tumpara,,yes,,,,,,104,extant_mass.csv,,,,,,,,,,,,,,,,,,
Tarsius,wallacei,,yes,,,,,,,,,,,,,,,,,,,,,,,,,
Theropithecus,gelada,,yes,,,,,,15350,Fleagle 1999,,7.35,,9,13.35,9.15,13.15,10.7,16.5,9.7,13.25,11,8.25,6.35,7.1,7.8,Swindler 2002,
Trachypithecus,auratus,,yes,,,,,,7100,extant_mass.csv,,,,,,,,,,,,,,,,,,
Trachypithecus,barbei,,yes,,,,,,,,,,,,,,,,,,,,,,,,,
Trachypithecus,catemana,,yes,,,,,,,,,,,,,,,,,,,,,,,,,
Trachypithecus,crepusculus,,yes,,,,,,6650,extant_mass.csv,,,,,,,,,,,,,,,,,,
Trachypithecus,cristatus,,yes,,,2.588,0,Fossilworks (extant 0),6185,Fleagle 1999,6.05,4.7,5.9,5.85,6.4,5.45,6.3,6.5,7.75,5.45,6.05,6.2,4.55,4.1,4.15,5.45,Swindler 2002,
Trachypithecus,delacouri,,yes,,,,,,7900,extant_mass.csv,,,,,,,,,,,,,,,,,,
Trachypithecus,ebenus,,yes,,,,,,,,,,,,,,,,,,,,,,,,,
Trachypithecus,flavicauda,,yes,,,,,,,,,,,,,,,,,,,,,,,,,
Trachypithecus,francoisi,,yes,,,,,,7525,Fleagle 1999,,,,,,,,,,,,,,,,,,
Trachypithecus,geei,,yes,,,,,,10150,Fleagle 1999,,,,,,,,,,,,,,,,,,
Trachypithecus,germaini,,yes,,,,,,6750,extant_mass.csv,,,,,,,,,,,,,,,,,,
Trachypithecus,hatinhenis,,yes,,,,,,7500,extant_mass.csv,,,,,,,,,,,,,,,,,,
Trachypithecus,johnii,,yes,,,,,,11600,Fleagle 1999,6.6,5.15,6.25,6.25,7.05,5.7,6.85,7.05,8.6,6.3,6.65,6.85,5,4.7,4.6,6.2,Swindler 2002,
Trachypithecus,laotum,,yes,,,,,,7000,extant_mass.csv,,,,,,,,,,,,,,,,,,
Trachypithecus,leucocephalus,,yes,,,,,,8100,extant_mass.csv,,,,,,,,,,,,,,,,,,
Trachypithecus,margarita,,yes,,,,,,,,,,,,,,,,,,,,,,,,,
Trachypithecus,mauritius,,yes,,,,,,7100,extant_mass.csv,,,,,,,,,,,,,,,,,,
Trachypithecus,maurus,,yes,,,,,,,,,,,,,,,,,,,,,,,,,
Trachypithecus,obscura,,yes,,,,,,7080,Fleagle 1999,,,,,,,,,,,,,,,,,,
Trachypithecus,obscurus,,yes,,,,,,6800,extant_mass.csv,,,,,,,,,,,,,,,,,,
Trachypithecus,phayrei,,yes,,,0.126,0,Fossilworks (extant 0),7085,Fleagle 1999,6.25,4.9,5.95,6.25,6.6,5.35,6.3,6.65,7.95,5.6,6.1,6.1,6.65,4.4,4.2,6.1,Swindler 2002,
Trachypithecus,pileatus,,yes,,,,,,10930,Fleagle 1999,,,,,,,,,,,,,,,,,,
Trachypithecus,poliocephalus,,yes,,,,,,8100,extant_mass.csv,,,,,,,,,,,,,,,,,,
Trachypithecus,shortridgei,,yes,,,,,,,,,,,,,,,,,,,,,,,,,
Trachypithecus,sondaicus,,yes,,,,,,,,,,,,,,,,,,,,,,,,,
Trachypithecus,vetulus,,yes,,,,,,7035,Fleagle 1999,,,,,,,,,,,,,,,,,,
Varecia,rubra,,yes,,,,,,3300,extant_mass.csv,,,,,,,,,,,,,,,,,,
Varecia,variegata,,yes,,,,,,3575,Fleagle 1999,7.8,4.6,7.3,7.6,7,4.7,7.1,8,5.5,3.7,5.3,5.6,6.7,4.1,6.3,7,Swindler 2002,